0,4261.48000000,0.10000000,426.14800000,1502942428322,True,True
1,4261.48000000,1.60000000,6818.36800000,1502942432285,True,True
2,4261.48000000,0.07518300,320.39085084,1502942432322,False,True
3,4280.56000000,0.02960000,126.70457600,1502942568879,False,True
4,4280.56000000,0.23147400,990.83834544,1502942568887,False,True
5,4261.48000000,0.00023400,0.99718632,1502942628038,False,True
6,4261.48000000,0.00211300,9.00450724,1502942628046,False,True
7,4261.48000000,0.00966100,41.17015828,1502942637667,False,True
8,4261.48000000,0.14079600,599.99933808,1502942647778,False,True
9,4261.48000000,0.05976000,254.66604480,1502943468063,False,True
10,4264.88000000,0.01569500,66.93729160,1502943468063,False,True
11,4261.48000000,0.00701500,29.89428220,1502943540055,False,True
12,4261.48000000,0.00298500,12.72051780,1502943545980,False,True
13,4261.48000000,0.12665400,539.73348792,1502943578118,True,True
14,4261.48000000,0.00298500,12.72051780,1502943578118,True,True
15,4261.48000000,0.11657300,496.77350804,1502943578126,True,True
16,4261.48000000,0.00298500,12.72051780,1502943578126,True,True
17,4261.48000000,0.15001400,639.28166072,1502943578132,True,True
18,4264.88000000,0.43430600,1852.26297328,1502943600073,False,True
19,4264.88000000,0.07398500,315.53714680,1502943600073,False,True
20,4264.88000000,0.43430600,1852.26297328,1502943600081,False,True
21,4264.88000000,0.02376700,101.36340296,1502943600081,False,True
22,4264.88000000,0.43430600,1852.26297328,1502943600089,False,True
23,4264.88000000,0.08234400,351.18727872,1502943600089,False,True
24,4264.88000000,0.65146000,2778.39872480,1502943668410,True,True
25,4264.88000000,0.06274900,267.61695512,1502943668419,True,True
26,4264.88000000,0.06787000,289.45740560,1502943668427,True,True
27,4266.29000000,0.02033700,86.76353973,1502943673349,False,True
28,4266.29000000,0.04314000,184.04775060,1502943673356,False,True
29,4266.29000000,0.05889100,251.24608439,1502943922234,False,True
30,4266.29000000,0.05731300,244.51387877,1502943922244,False,True
31,4266.29000000,0.08007600,341.62743804,1502943922252,False,True
32,4266.29000000,0.03024300,129.02540847,1502943933286,False,True
33,4266.29000000,0.07907700,337.36541433,1502943948601,True,True
34,4266.29000000,0.16183500,690.43504215,1502943948601,True,True
35,4266.29000000,0.04113000,175.47250770,1502944046790,False,True
36,4266.29000000,0.23896600,1019.49825614,1502944046802,False,True
37,4266.29000000,0.12541700,535.06529293,1502944046810,False,True
38,4266.29000000,0.02859900,122.01162771,1502944104040,False,True
39,4266.29000000,0.05508000,234.98725320,1502944104048,False,True
40,4261.32000000,1.78000100,7585.15386132,1502944119149,True,True
41,4266.29000000,0.18156100,774.59187869,1502944120893,False,True
42,4266.29000000,0.14844000,633.28808760,1502944120893,False,True
43,4266.29000000,0.09992100,426.29196309,1502944123014,False,True
44,4266.29000000,0.29858800,1273.86299852,1502944123014,False,True
45,4266.29000000,0.37094200,1582.54614518,1502944123014,False,True
46,4270.41000000,0.09054900,386.68135509,1502944151558,True,True
47,4267.47000000,1.43000000,6102.48210000,1502944159766,True,True
48,4261.45000000,0.95000000,4048.37750000,1502944193911,True,True
49,4280.00000000,0.04517000,193.32760000,1502944224045,False,True
50,4280.56000000,0.14892600,637.48667856,1502944224045,False,True
51,4280.56000000,0.01988900,85.13605784,1502944224045,False,True
52,4280.56000000,0.15975000,683.81946000,1502944224053,False,True
53,4280.56000000,0.03434600,147.02011376,1502944224061,False,True
54,4280.56000000,0.15975000,683.81946000,1502944224061,False,True
55,4280.56000000,0.02137000,91.47556720,1502944224061,False,True
56,4274.67000000,0.93000100,3975.44737467,1502944259894,False,True
57,4280.00000000,0.17752100,759.78988000,1502944259894,False,True
58,4274.67000000,0.45910900,1962.53946903,1502944308045,False,True
59,4274.67000000,0.01635500,69.91222785,1502944327524,False,True
60,4274.67000000,0.03868600,165.36988362,1502944368048,False,True
61,4274.67000000,0.14571600,622.88781372,1502944368056,False,True
62,4274.67000000,0.23947000,1023.65522490,1502944368063,False,True
63,4274.67000000,0.26182100,1119.19837407,1502944371641,False,True
64,4267.99000000,4.12774700,17617.18291853,1502944380057,False,True
65,4296.63000000,0.35263900,1515.15930657,1502944488039,False,True
66,4296.63000000,0.03736200,160.53069006,1502944488046,False,True
67,4296.63000000,0.35263900,1515.15930657,1502944488046,False,True
68,4296.63000000,0.14542400,624.83312112,1502944488046,False,True
69,4296.63000000,0.03172200,136.29769686,1502944493626,True,True
70,4296.63000000,0.01322900,56.84011827,1502944493633,True,True
71,4296.63000000,0.01949100,83.74561533,1502944493640,True,True
72,4300.38000000,0.04465700,192.04206966,1502944524045,False,True
73,4300.38000000,0.42595800,1831.78126404,1502944528180,False,True
74,4300.38000000,0.41800800,1797.59324304,1502944528188,False,True
75,4300.38000000,0.14959500,643.31534610,1502944528194,False,True
76,4300.38000000,0.35552900,1528.90980102,1502944620047,False,True
77,4300.38000000,0.29176100,1254.68316918,1502944623797,False,True
78,4300.38000000,0.13449300,578.37100734,1502944728039,False,True
79,4300.38000000,0.49555500,2131.07481090,1502944728039,False,True
80,4300.38000000,0.39890200,1715.43018276,1502944772020,False,True
81,4300.38000000,1.36082600,5852.06891388,1502944772027,False,True
82,4300.38000000,0.58473700,2514.59130006,1502944772034,False,True
83,4300.38000000,0.32472300,1396.43229474,1502944788049,False,True
84,4300.38000000,0.15636300,672.42031794,1502944788058,False,True
85,4300.38000000,0.48548900,2087.78718582,1502944788064,False,True
86,4300.38000000,0.68737500,2955.97370250,1502944816170,False,True
87,4300.38000000,0.49904100,2146.06593558,1502944816180,False,True
88,4300.38000000,0.24502400,1053.69630912,1502944848047,False,True
89,4300.38000000,0.29727400,1278.39116412,1502944848055,False,True
90,4300.38000000,0.39869700,1714.54860486,1502944892610,True,True
91,4300.38000000,0.41822700,1798.53502626,1502944892610,True,True
92,4300.38000000,0.12842000,552.25479960,1502944892610,True,True
93,4300.38000000,0.16885500,726.14066490,1502944944047,False,True
94,4300.38000000,0.15580100,670.00350438,1502944944055,False,True
95,4300.38000000,0.01979900,85.14322362,1502944944055,False,True
96,4300.38000000,0.14905600,640.99744128,1502944944065,False,True
97,4300.38000000,0.13147300,565.38385974,1502944944065,False,True
98,4300.38000000,0.00096700,4.15846746,1502944985183,True,True
99,4300.38000000,0.25835800,1111.03757604,1502944985191,True,True
100,4300.38000000,0.23312400,1002.52178712,1502944985198,True,True
101,4310.07000000,0.29547500,1273.51793325,1502945028055,False,True
102,4310.07000000,0.13716700,591.19937169,1502945028064,False,True
103,4310.07000000,0.05474200,235.94185194,1502945028071,False,True
104,4301.03000000,4.04756600,17408.70279298,1502945040059,False,True
105,4310.07000000,0.00266800,11.49926676,1502945091934,False,True
106,4310.07000000,0.02971400,128.06941998,1502945091942,False,True
107,4310.07000000,0.06546900,282.17597283,1502945148048,False,True
108,4310.07000000,0.06428000,277.05129960,1502945148057,False,True
109,4310.07000000,0.27539000,1186.95017730,1502945211304,False,True
110,4310.07000000,0.29799900,1284.39654993,1502945211312,False,True
111,4310.07000000,0.12498500,538.69409895,1502945211319,False,True
112,4310.07000000,0.12084200,520.83747894,1502945268046,False,True
113,4310.07000000,0.15127000,651.98428890,1502945268054,False,True
114,4310.07000000,0.02080700,89.67962649,1502945268054,False,True
115,4310.07000000,0.05039500,217.20597765,1502945317442,False,True
116,4310.07000000,0.08220300,354.30068421,1502945317449,False,True
117,4310.07000000,0.10260700,442.24335249,1502945317456,False,True
118,4310.07000000,0.05330900,229.76552163,1502945388042,False,True
119,4310.07000000,0.03854400,166.12733808,1502945388049,False,True
120,4292.01000000,1.00000000,4292.01000000,1502945396365,True,True
121,4292.01000000,0.70000000,3004.40700000,1502945405473,True,True
122,4292.01000000,0.21000000,901.32210000,1502945406180,False,True
123,4292.01000000,0.04188600,179.77513086,1502945410515,False,True
124,4310.07000000,0.05527300,238.23049911,1502945425693,False,True
125,4310.07000000,0.02702700,116.48826189,1502945425700,False,True
126,4310.07000000,0.14753900,635.90341773,1502945425707,False,True
127,4310.07000000,0.06593500,284.18446545,1502945448044,True,True
128,4301.39000000,0.42200000,1815.18658000,1502945465413,True,True
129,4313.62000000,0.18902300,815.37339326,1502945502561,False,True
130,4313.61000000,0.45578900,1966.09598829,1502945568044,False,True
131,4313.61000000,0.54421100,2347.51401171,1502945568052,False,True
132,4313.62000000,0.01160100,50.04230562,1502945568052,False,True
133,4313.60000000,1.00000000,4313.60000000,1502945572929,False,True
134,4313.61000000,0.37207000,1604.96487270,1502945589387,True,True
135,4313.60000000,0.05016300,216.38311680,1502945629872,False,True
136,4313.60000000,0.14114100,608.82581760,1502945629880,False,True
137,4313.60000000,0.02404900,103.73776640,1502945644390,False,True
138,4313.60000000,0.07514800,324.15841280,1502945644399,False,True
139,4313.60000000,0.11350700,489.62379520,1502945644407,False,True
140,4313.60000000,0.06517500,281.13888000,1502945688043,False,True
141,4313.60000000,0.04734600,204.23170560,1502945688050,False,True
142,4302.48000000,4.13470300,17789.47696344,1502945700071,False,True
143,4313.60000000,0.10004400,431.54979840,1502945734702,False,True
144,4313.60000000,0.01135700,48.98955520,1502945734710,False,True
145,4313.60000000,0.10004400,431.54979840,1502945734710,False,True
146,4313.60000000,0.04203800,181.33511680,1502945734710,False,True
147,4313.60000000,0.09543800,411.68135680,1502945734716,False,True
148,4291.37000000,0.15150000,650.14255500,1502945742309,True,True
149,4313.60000000,0.09911700,427.55109120,1502945784047,True,True
150,4313.60000000,0.01599100,68.97877760,1502945784055,True,True
151,4313.60000000,0.09845400,424.69117440,1502945784061,True,True
152,4313.62000000,0.13721400,591.88905468,1502945848359,False,True
153,4313.62000000,0.37752300,1628.49076326,1502945848366,False,True
154,4313.62000000,0.02463900,106.28328318,1502945848373,False,True
155,4313.62000000,0.13721400,591.88905468,1502945848373,False,True
156,4313.62000000,0.13555400,584.72844548,1502945848373,False,True
157,4308.83000000,0.00864800,37.26276184,1502945868045,False,True
158,4308.83000000,0.12283100,529.25789773,1502945868057,False,True
159,4308.83000000,0.03588400,154.61805572,1502945872401,False,True
160,4308.83000000,0.11069800,476.97886334,1502945872408,False,True
161,4308.83000000,0.02193900,94.53142137,1502945872415,False,True
162,4308.83000000,0.22000100,947.94690883,1502945875855,True,True
163,4308.83000000,0.00045100,1.94328233,1502945877110,True,True
164,4308.83000000,0.18810400,810.50815832,1502945964044,False,True
165,4308.83000000,0.14144600,609.46676818,1502945964051,False,True
166,4308.83000000,0.04542300,195.71998509,1502945964051,False,True
167,4308.83000000,0.03373200,145.34545356,1502945964059,False,True
168,4308.83000000,0.02580800,111.20228464,1502945996384,False,True
169,4308.83000000,0.01656700,71.38438661,1502945996392,False,True
170,4308.83000000,0.10918600,470.46391238,1502945996399,False,True
171,4308.83000000,0.10621500,457.66237845,1502946060079,False,True
172,4308.83000000,0.02646700,114.04180361,1502946100934,False,True
173,4308.83000000,0.00342300,14.74912509,1502946100942,False,True
174,4308.83000000,0.00327300,14.10280059,1502946180055,False,True
175,4308.83000000,0.06040300,260.26625849,1502946191105,False,True
176,4308.83000000,0.01472400,63.44321292,1502946191112,False,True
177,4308.83000000,0.04253700,183.28470171,1502946191120,False,True
178,4308.83000000,0.02009800,86.59886534,1502946204048,False,True
179,4308.83000000,0.03745000,161.36568350,1502946204056,False,True
180,4308.83000000,0.03868500,166.68708855,1502946208336,False,True
181,4308.83000000,0.01694500,73.01312435,1502946288048,False,True
182,4308.83000000,0.00563500,24.28025705,1502946288055,False,True
183,4304.31000000,0.10700000,460.56117000,1502946298891,True,True
184,4308.83000000,0.57864900,2493.30017067,1502946301583,False,True
185,4308.83000000,0.59458000,2561.94414140,1502946324048,False,True
186,4308.83000000,0.52196400,2249.05414212,1502946324057,False,True
187,4308.83000000,0.34050000,1467.15661500,1502946346951,True,True
188,4308.83000000,0.50911800,2193.70291194,1502946346960,True,True
189,4308.83000000,0.56790000,2446.98455700,1502946346967,True,True
190,4328.69000000,0.14427000,624.50010630,1502946350133,False,True
191,4328.69000000,0.00878100,38.01022689,1502946389668,False,True
192,4328.69000000,0.04119500,178.32038455,1502946389676,False,True
193,4328.69000000,0.06618600,286.49867634,1502946389684,False,True
194,4328.69000000,0.03941200,170.60233028,1502946412664,False,True
195,4328.69000000,0.15149800,655.78787762,1502946412672,False,True
196,4328.69000000,0.20506000,887.64117140,1502946412679,False,True
197,4328.69000000,0.06283300,271.98457877,1502946474352,False,True
198,4328.69000000,0.11598900,502.08042441,1502946474360,False,True
199,4328.69000000,0.04104600,177.67540974,1502946477977,False,True
200,4328.69000000,0.07806900,337.93649961,1502946477985,False,True
201,4328.69000000,0.04433200,191.89948508,1502946477992,False,True
202,4328.69000000,0.08533100,369.37144639,1502946532832,False,True
203,4328.69000000,0.06720600,290.91394014,1502946532840,False,True
204,4328.69000000,0.01085300,46.97927257,1502946588049,False,True
205,4328.69000000,0.01298200,56.19505358,1502946614905,False,True
206,4328.69000000,0.00423300,18.32334477,1502946614914,False,True
207,4328.69000000,0.04278900,185.22031641,1502946648045,False,True
208,4328.69000000,0.00452100,19.57000749,1502946651212,False,True
209,4328.69000000,0.02342500,101.39956325,1502946651220,False,True
210,4328.69000000,0.06799400,294.32494786,1502946651227,False,True
211,4320.00000000,0.03306000,142.81920000,1502946768049,False,True
212,4320.00000000,0.03127200,135.09504000,1502946774058,False,True
213,4320.00000000,0.04325000,186.84000000,1502946823580,False,True
214,4304.31000000,0.08000000,344.34480000,1502946829160,True,True
215,4320.00000000,0.27910500,1205.73360000,1502946932345,False,True
216,4320.00000000,0.35108500,1516.68720000,1502946932353,False,True
217,4312.14000000,4.09804800,17671.35670272,1502946960067,False,True
218,4319.99000000,0.01517300,65.54720827,1502946984047,False,True
219,4319.99000000,0.03243600,140.12319564,1502946987633,False,True
220,4319.99000000,0.00380000,16.41596200,1502947013813,True,True
221,4319.99000000,0.04376000,189.04276240,1502947019108,True,True
222,4320.00000000,0.08358700,361.09584000,1502947104042,False,True
223,4320.00000000,0.17071300,737.48016000,1502947140272,False,True
224,4320.00000000,0.29344700,1267.69104000,1502947140280,False,True
225,4320.00000000,0.08037900,347.23728000,1502947140288,False,True
226,4320.00000000,0.07654700,330.68304000,1502947224045,False,True
227,4320.00000000,0.51506400,2225.07648000,1502947228973,False,True
228,4320.00000000,0.36495800,1576.61856000,1502947228981,False,True
229,4320.00000000,0.15538200,671.25024000,1502947344040,False,True
230,4320.00000000,0.03693100,159.54192000,1502947348892,False,True
231,4320.00000000,0.00560000,24.19200000,1502947348900,False,True
232,4320.00000000,0.04351500,187.98480000,1502947348907,False,True
233,4320.00000000,0.01276200,55.13184000,1502947428051,False,True
234,4320.00000000,0.04937400,213.29568000,1502947428058,False,True
235,4320.00000000,0.08496000,367.02720000,1502947485147,False,True
236,4320.00000000,2.10138000,9077.96160000,1502947489383,False,True
237,4319.22000000,4.11202800,17760.75357816,1502947500075,False,True
238,4320.00000000,1.86753000,8067.72960000,1502947571540,False,True
239,4320.00000000,0.21351800,922.39776000,1502947576068,False,True
240,4320.00000000,0.06254000,270.17280000,1502947676661,False,True
241,4320.00000000,0.31988500,1381.90320000,1502947754013,False,True
242,4320.00000000,0.43657200,1885.99104000,1502947754013,False,True
243,4320.00000000,0.03741600,161.63712000,1502947764046,False,True
244,4320.00000000,0.10381500,448.48080000,1502947800812,False,True
245,4320.00000000,0.01042800,45.04896000,1502947800820,False,True
246,4320.00000000,0.06476600,279.78912000,1502947800827,False,True
247,4320.00000000,0.01563900,67.56048000,1502947884037,False,True
248,4320.00000000,0.43748100,1889.91792000,1502947884044,False,True
249,4320.00000000,0.07999500,345.57840000,1502947889401,False,True
250,4320.00000000,0.05742300,248.06736000,1502947889408,False,True
251,4320.00000000,0.04805300,207.58896000,1502947933695,False,True
252,4320.00000000,0.03071900,132.70608000,1502948011799,False,True
253,4320.00000000,0.10627700,459.11664000,1502948088044,False,True
254,4320.00000000,0.07278200,314.41824000,1502948088051,False,True
255,4320.00000000,0.11626400,502.26048000,1502948130214,False,True
256,4320.00000000,0.09401300,406.13616000,1502948130221,False,True
257,4320.00000000,0.14117800,609.88896000,1502948135688,False,True
258,4320.00000000,0.01948300,84.16656000,1502948135696,False,True
259,4320.00000000,0.13066100,564.45552000,1502948135703,False,True
260,4320.00000000,0.01938600,83.74752000,1502948174601,False,True
261,4320.00000000,0.06222800,268.82496000,1502948220054,False,True
262,4320.00000000,0.06920500,298.96560000,1502948220062,False,True
263,4320.00000000,0.00102500,4.42800000,1502948220069,False,True
264,4320.00000000,0.09336500,403.33680000,1502948226856,False,True
265,4320.00000000,0.08924100,385.52112000,1502948268055,False,True
266,4320.00000000,0.05886900,254.31408000,1502948268063,False,True
267,4320.00000000,0.09839000,425.04480000,1502948324518,False,True
268,4291.37000000,0.13476700,578.33506079,1502948382435,True,True
269,4297.04000000,0.00788400,33.87786336,1502948722067,False,True
270,4315.32000000,0.00094300,4.06934676,1502949168041,False,True
271,4315.32000000,0.01162600,50.16991032,1502949444044,False,True
272,4315.32000000,0.01036200,44.71534584,1502949444052,False,True
273,4330.29000000,0.00933900,40.44057831,1502949884548,False,True
274,4318.39000000,0.05420000,234.05673800,1502949955913,True,True
275,4330.00000000,0.00182500,7.90225000,1502950308059,False,True
276,4309.37000000,0.50000000,2154.68500000,1502950805343,True,True
277,4330.00000000,0.99817500,4322.09775000,1502950815389,False,True
278,4330.00000000,0.21039100,910.99303000,1502950815389,False,True
279,4330.29000000,0.16787900,726.96475491,1502950867671,False,True
280,4330.29000000,0.02528500,109.49138265,1502950867679,False,True
281,4330.00000000,0.44900000,1944.17000000,1502950968654,True,True
282,4311.58000000,0.83134600,3584.41478668,1502951036653,False,True
283,4311.58000000,0.00355200,15.31473216,1502951078325,False,True
284,4311.58000000,0.05428500,234.05412030,1502951109193,False,True
285,4311.01000000,0.00100000,4.31101000,1502951258571,True,True
286,4311.02000000,0.26000000,1120.86520000,1502951337546,True,True
287,4328.65000000,0.01478500,63.99909025,1502951544072,False,True
288,4328.65000000,0.08330000,360.57654500,1502951622970,False,True
289,4328.65000000,0.00188300,8.15084795,1502951628050,False,True
290,4325.80000000,0.06542500,283.01546500,1502951648267,True,True
291,4325.80000000,0.59013200,2552.79300560,1502951648277,True,True
292,4325.80000000,0.23444400,1014.15785520,1502951648287,True,True
293,4319.83000000,0.20563600,888.31256188,1502951664051,False,True
294,4319.83000000,0.01729600,74.71577968,1502951688157,False,True
295,4324.34000000,0.20441100,883.94266374,1502951748047,True,True
296,4345.45000000,0.06054800,263.10830660,1502951756553,False,True
297,4331.65000000,0.05706900,247.20293385,1502951873875,False,True
298,4331.65000000,0.35841900,1552.54566135,1502951940054,False,True
299,4331.65000000,0.73038100,3163.75485865,1502951940069,False,True
300,4345.45000000,0.14271100,620.14351495,1502951988050,False,True
301,4345.45000000,0.72773600,3162.34040120,1502951998416,False,True
302,4345.45000000,0.02308500,100.31471325,1502952343201,False,True
303,4345.45000000,0.03494900,151.86913205,1502952343210,False,True
304,4345.45000000,0.03098200,134.63073190,1502952343218,False,True
305,4330.12000000,0.00559400,24.22269128,1502952504046,False,True
306,4330.12000000,0.00323600,14.01226832,1502952747590,False,True
307,4330.12000000,0.00317400,13.74380088,1502952747605,False,True
308,4324.35000000,0.06821800,294.99850830,1502952939340,True,True
309,4316.62000000,0.00154100,6.65191142,1502953700526,False,True
310,4291.38000000,0.03891800,167.01192684,1502954970118,True,True
311,4291.39000000,0.01143100,49.05487909,1502955334322,True,True
312,4300.00000000,0.01144500,49.21350000,1502955677231,True,True
313,4300.00000000,0.68872500,2961.51750000,1502955786670,True,True
314,4300.00000000,0.00730000,31.39000000,1502955893396,True,True
315,4287.41000000,0.00426300,18.27722883,1502955918461,True,True
316,4305.38000000,0.01155200,49.73574976,1502956250904,True,True
317,4316.62000000,0.22961400,991.15638468,1502956318992,False,True
318,4323.34000000,0.07100000,306.95714000,1502956338738,True,True
319,4330.12000000,0.00355300,15.38491636,1502956437769,False,True
320,4330.12000000,0.16577300,717.81698276,1502956488047,False,True
321,4323.34000000,0.07090000,306.52480600,1502956495362,True,True
322,4323.34000000,0.07080000,306.09247200,1502956525910,True,True
323,4334.00000000,0.08144900,352.99996600,1502956543049,False,True
324,4334.00000000,0.48855100,2117.38003400,1502956543049,False,True
325,4334.00000000,0.24921100,1080.08047400,1502956569817,False,True
326,4334.00000000,0.05065300,219.53010200,1502956569817,False,True
327,4334.00000000,0.00013600,0.58942400,1502956569817,False,True
328,4334.00000000,0.12000000,520.08000000,1502956635835,False,True
329,4334.00000000,0.10562300,457.77008200,1502956728047,False,True
330,4334.00000000,0.08059200,349.28572800,1502956751523,True,True
331,4334.00000000,0.77403100,3354.65035400,1502956751531,True,True
332,4349.99000000,0.96618700,4202.90378813,1502956776669,False,True
333,4349.99000000,0.14000100,609.00294999,1502956782846,False,True
334,4333.32000000,0.07090000,307.23238800,1502956808591,True,True
335,4349.99000000,0.07338900,319.24141611,1502956848050,False,True
336,4349.99000000,0.13858800,602.85641412,1502956926999,False,True
337,4349.99000000,0.04721300,205.37607787,1502956926999,False,True
338,4349.99000000,0.09886800,430.07481132,1502956926999,False,True
339,4349.99000000,0.03560000,154.85964400,1502957038430,True,True
340,4377.85000000,0.12186800,533.51982380,1502957063778,False,True
341,4377.00000000,0.01000000,43.77000000,1502957077943,False,True
342,4377.85000000,0.02814900,123.23209965,1502957077943,False,True
343,4349.99000000,0.02294400,99.80617056,1502957094302,True,True
344,4333.32000000,0.01155600,50.07584592,1502957094302,True,True
345,4377.85000000,0.08239000,360.69106150,1502957124049,False,True
346,4360.71000000,0.02495200,108.80843592,1502957304067,False,True
347,4360.71000000,0.01148100,50.06531151,1502958026168,False,True
348,4360.70000000,0.00432200,18.84694540,1502958324058,False,True
349,4360.70000000,0.01142600,49.82535820,1502958326618,False,True
350,4360.70000000,0.01003700,43.76834590,1502958381690,False,True
351,4360.70000000,0.03857700,168.22272390,1502958398351,False,True
352,4360.70000000,0.00102400,4.46535680,1502958888063,False,True
353,4360.00000000,0.00400000,17.44000000,1502959161562,False,True
354,4360.00000000,0.04316400,188.19504000,1502959161562,False,True
355,4360.00000000,0.01715200,74.78272000,1502959167824,True,True
356,4360.69000000,0.00840800,36.66468152,1502959224053,False,True
357,4360.69000000,0.02146800,93.61529292,1502959308051,False,True
358,4360.69000000,0.00404600,17.64335174,1502959326981,False,True
359,4360.70000000,0.00823200,35.89728240,1502959788066,False,True
360,4360.69000000,0.00748800,32.65284672,1502959903221,False,True
361,4360.69000000,0.01556500,67.87413985,1502959905423,False,True
362,4360.00000000,0.00629600,27.45056000,1502960966341,False,True
363,4360.00000000,0.21000000,915.60000000,1502961469488,False,True
364,4360.00000000,0.13000100,566.80436000,1502961484346,False,True
365,4360.00000000,0.18000000,784.80000000,1502961522609,False,True
366,4360.00000000,0.16000100,697.60436000,1502961615529,False,True
367,4360.00000000,0.16000100,697.60436000,1502961640475,False,True
368,4360.00000000,0.54000100,2354.40436000,1502961712915,False,True
369,4360.00000000,0.11270700,491.40252000,1502962141488,False,True
370,4360.00000000,0.73132900,3188.59444000,1502962141488,False,True
371,4360.00000000,0.06466500,281.93940000,1502962188052,False,True
372,4360.00000000,0.39177300,1708.13028000,1502962207594,False,True
373,4360.00000000,0.36254600,1580.70056000,1502962207601,False,True
374,4360.00000000,0.31685100,1381.47036000,1502962207608,False,True
375,4360.00000000,0.62874200,2741.31512000,1502962230528,False,True
376,4377.84000000,0.11141600,487.76142144,1502962231585,False,True
377,4377.85000000,0.68858500,3014.52184225,1502962231585,False,True
378,4377.85000000,1.08607000,4754.65154950,1502962269991,False,True
379,4400.00000000,0.19319600,850.06240000,1502962305420,False,True
380,4400.00000000,0.30680400,1349.93760000,1502962305688,False,True
381,4405.44000000,0.18319600,807.05898624,1502962320059,True,True
382,4400.00000000,0.32202700,1416.91880000,1502962320059,True,True
383,4408.35000000,0.17669100,778.91576985,1502962328658,False,True
384,4408.35000000,0.75343700,3321.41399895,1502962328665,False,True
385,4408.35000000,0.02306100,101.66095935,1502962328672,False,True
386,4408.35000000,0.11000100,484.92290835,1502962332735,False,True
387,4408.35000000,0.89581000,3949.04401350,1502962360456,False,True
388,4408.35000000,0.08188700,360.98655645,1502962360456,False,True
389,4408.35000000,0.25724200,1134.01277070,1502962360456,False,True
390,4408.35000000,0.41808200,1843.05178470,1502962404061,False,True
391,4408.35000000,0.12670900,558.57762015,1502962416596,False,True
392,4408.35000000,0.28978200,1277.46047970,1502962416603,False,True
393,4445.78000000,0.19775500,879.17522390,1502962488053,False,True
394,4445.78000000,0.40160000,1785.42524800,1502962547868,False,True
395,4445.78000000,0.00959700,42.66615066,1502962684505,False,True
396,4445.00000000,0.06674000,296.65930000,1502962826955,False,True
397,4436.51000000,0.01120000,49.68891200,1502962860062,False,True
398,4444.00000000,0.01560000,69.32640000,1502963165248,False,True
399,4444.00000000,0.00986700,43.84894800,1502963192953,False,True
400,4444.00000000,0.00977800,43.45343200,1502963278067,False,True
401,4444.00000000,0.00643600,28.60158400,1502963278074,False,True
402,4444.00000000,0.00815600,36.24526400,1502963665896,False,True
403,4444.00000000,0.00016300,0.72437200,1502963724045,False,True
404,4444.00000000,0.00782200,34.76096800,1502963724045,False,True
405,4441.10000000,0.79000100,3508.47344110,1502964047775,True,True
406,4436.51000000,0.17169600,761.73102096,1502964218649,True,True
407,4436.51000000,0.11318200,502.13307482,1502964290947,True,True
408,4427.13000000,0.18000000,796.88340000,1502964380702,True,True
409,4409.43000000,0.14000100,617.32460943,1502964380702,True,True
410,4400.00000000,0.21000000,924.00000000,1502964388899,False,True
411,4400.00000000,0.00380900,16.75960000,1502964433171,False,True
412,4400.00000000,0.92040900,4049.79960000,1502964510710,False,True
413,4400.00000000,0.00176700,7.77480000,1502964613519,False,True
414,4400.00000000,0.05019300,220.84920000,1502964731546,False,True
415,4400.00000000,1.90398000,8377.51200000,1502964791409,False,True
416,4399.81000000,0.00152200,6.69651082,1502964841948,False,True
417,4400.00000000,0.17312000,761.72800000,1502964876903,False,True
418,4400.00000000,0.29672100,1305.57240000,1502965118364,False,True
419,4400.00000000,0.05638000,248.07200000,1502965121148,True,True
420,4443.00000000,0.02046400,90.92155200,1502965212531,False,True
421,4443.00000000,0.03361700,149.36033100,1502965212531,False,True
422,4443.00000000,0.00994900,44.20340700,1502965212538,False,True
423,4420.00000000,0.02852600,126.08492000,1502965260057,False,True
424,4440.00000000,0.03879400,172.24536000,1502965274719,False,True
425,4440.00000000,0.13020000,578.08800000,1502965373316,False,True
426,4400.00000000,0.30000000,1320.00000000,1502966117865,True,True
427,4419.00000000,0.27000100,1193.13441900,1502966200176,False,True
428,4419.00000000,0.32000100,1414.08441900,1502966262905,False,True
429,4419.00000000,0.76000100,3358.44441900,1502966266919,False,True
430,4419.00000000,0.22499700,994.26174300,1502966266926,False,True
431,4419.00000000,0.11500400,508.20267600,1502966266926,False,True
432,4415.00000000,0.08370900,369.57523500,1502966548349,False,True
433,4415.00000000,0.00452200,19.96463000,1502966637685,False,True
434,4419.00000000,0.73000000,3225.87000000,1502966887861,False,True
435,4419.00000000,1.58000100,6982.02441900,1502966890497,False,True
436,4419.00000000,0.68999900,3049.10558100,1502966890505,False,True
437,4440.00000000,0.94000100,4173.60444000,1502966890505,False,True
438,4440.00000000,1.01000100,4484.40444000,1502966893284,False,True
439,4440.00000000,0.52079100,2312.31204000,1502966899413,False,True
440,4443.87000000,0.15000000,666.58050000,1502966899413,False,True
441,4443.90000000,0.93921000,4173.75531900,1502966899413,False,True
442,4443.90000000,0.45000100,1999.75944390,1502966902747,False,True
443,4443.90000000,1.61078900,7158.18523710,1502966905509,False,True
444,4444.00000000,0.05786600,257.15650400,1502966905509,False,True
445,4450.00000000,0.08134500,361.98525000,1502966905509,False,True
446,4450.00000000,0.41865500,1863.01475000,1502966908505,False,True
447,4457.24000000,0.94134600,4195.80504504,1502966908945,True,True
448,4443.90000000,0.52199800,2319.70691220,1502966911146,False,True
449,4443.90000000,0.10800300,479.95453170,1502966911146,False,True
450,4443.90000000,0.74000000,3288.48600000,1502966914716,False,True
451,4443.90000000,0.41103700,1826.60732430,1502966916396,False,True
452,4460.00000000,0.00959700,42.80262000,1502966968695,False,True
453,4460.00000000,0.00252700,11.27042000,1502967034000,True,True
454,4460.00000000,0.00959700,42.80262000,1502967034000,True,True
455,4460.00000000,0.05643800,251.71348000,1502967034008,True,True
456,4460.00000000,0.00959700,42.80262000,1502967060079,False,True
457,4460.00000000,0.05643800,251.71348000,1502967060079,False,True
458,4460.00000000,0.01212400,54.07304000,1502967060086,False,True
459,4470.00000000,0.00997400,44.58378000,1502967060086,False,True
460,4460.00000000,0.38921100,1735.88106000,1502967084020,True,True
461,4450.65000000,0.01632700,72.66576255,1502967107664,True,True
462,4460.00000000,0.23096700,1030.11282000,1502967144056,False,True
463,4460.00000000,0.05671500,252.94890000,1502967144063,False,True
464,4460.00000000,0.15319000,683.22740000,1502967144070,False,True
465,4460.00000000,0.62358700,2781.19802000,1502967189602,False,True
466,4460.00000000,0.74015000,3301.06900000,1502967189611,False,True
467,4460.00000000,0.05544800,247.29808000,1502967189618,False,True
468,4460.00000000,0.62320000,2779.47200000,1502967189618,False,True
469,4460.00000000,0.74258500,3311.92910000,1502967228056,False,True
470,4460.00000000,0.29040700,1295.21522000,1502967228064,False,True
471,4460.00000000,0.09369300,417.87078000,1502967228071,False,True
472,4460.00000000,0.06478300,288.93218000,1502967246945,False,True
473,4460.00000000,0.11790200,525.84292000,1502967246952,False,True
474,4460.00000000,0.22144100,987.62686000,1502967246960,False,True
475,4460.00000000,0.01734000,77.33640000,1502967288061,False,True
476,4460.00000000,0.05597900,249.66634000,1502967288069,False,True
477,4460.00000000,0.03361400,149.91844000,1502967288076,False,True
478,4460.00000000,0.14182300,632.53058000,1502967317348,False,True
479,4460.00000000,0.04055100,180.85746000,1502967317356,False,True
480,4460.00000000,0.12684400,565.72424000,1502967384057,False,True
481,4460.00000000,0.03503200,156.24272000,1502967384064,False,True
482,4460.00000000,0.06475400,288.80284000,1502967438329,False,True
483,4460.00000000,0.24441600,1090.09536000,1502967504049,False,True
484,4460.00000000,0.15942000,711.01320000,1502967504056,False,True
485,4460.00000000,0.10229400,456.23124000,1502967504063,False,True
486,4460.00000000,0.00382500,17.05950000,1502967553701,False,True
487,4460.00000000,0.06146600,274.13836000,1502967624046,True,True
488,4470.00000000,0.58634600,2620.96662000,1502967627607,False,True
489,4459.18000000,4.03918000,18011.43067240,1502967660063,False,True
490,4470.00000000,0.90923300,4064.27151000,1502967684052,False,True
491,4470.00000000,0.74444700,3327.67809000,1502967684060,False,True
492,4470.00000000,0.09522900,425.67363000,1502967684060,False,True
493,4470.00000000,0.02187100,97.76337000,1502967684067,False,True
494,4470.00000000,0.63290000,2829.06300000,1502967693649,False,True
495,4470.00000000,0.37211500,1663.35405000,1502967693649,False,True
496,4470.00000000,0.63290000,2829.06300000,1502967693657,False,True
497,4470.00000000,0.17863000,798.47610000,1502967693657,False,True
498,4470.00000000,0.04157000,185.81790000,1502967744058,False,True
499,4470.00000000,0.05082000,227.16540000,1502967759414,False,True
500,4470.00000000,0.13998900,625.75083000,1502967760951,True,True
501,4470.00000000,0.02506000,112.01820000,1502967760951,True,True
502,4474.80000000,1.34852000,6034.35729600,1502967783758,False,True
503,4474.80000000,0.17606600,787.86013680,1502967843211,False,True
504,4474.80000000,0.06910300,309.22210440,1502967888055,False,True
505,4454.72000000,0.00878800,39.14807936,1502968080079,False,True
506,4461.07000000,0.01011800,45.13710626,1502968308067,False,True
507,4470.06000000,4.13126800,18467.01583608,1502968440075,False,True
508,4474.80000000,0.14741800,659.66606640,1502968469090,False,True
509,4474.80000000,0.98112300,4390.32920040,1502968469097,False,True
510,4474.80000000,0.68038400,3044.58232320,1502968469104,False,True
511,4474.80000000,1.07145700,4794.55578360,1502968500076,False,True
512,4474.80000000,0.25549300,1143.28007640,1502968500083,False,True
513,4474.80000000,0.00074100,3.31582680,1502968523145,False,True
514,4474.80000000,0.26969500,1206.83118600,1502968548465,False,True
515,4474.80000000,0.03384700,151.45855560,1502968548465,False,True
516,4474.80000000,0.23381800,1046.28878640,1502968548465,False,True
517,4474.80000000,0.22916700,1025.47649160,1502968548473,False,True
518,4474.80000000,0.57729400,2583.27519120,1502968620061,False,True
519,4474.80000000,0.49502300,2215.12892040,1502968620069,False,True
520,4474.80000000,0.52386000,2344.16872800,1502968620076,False,True
521,4474.80000000,0.10958400,490.36648320,1502968687016,False,True
522,4474.80000000,0.11939600,534.27322080,1502968728049,False,True
523,4474.80000000,0.45253700,2025.01256760,1502968728058,False,True
524,4474.80000000,0.34735900,1554.36205320,1502968728066,False,True
525,4465.32000000,0.46264900,2065.87583268,1502968764375,True,True
526,4474.80000000,0.68404500,3060.96456600,1502968799608,False,True
527,4474.80000000,0.53462300,2392.33100040,1502968848052,False,True
528,4474.80000000,0.02519500,112.74258600,1502968855293,False,True
529,4474.80000000,0.41418900,1853.41293720,1502968855301,False,True
530,4474.80000000,0.20413900,913.48119720,1502968855307,False,True
531,4474.80000000,0.46000600,2058.43484880,1502968908051,False,True
532,4474.80000000,0.23981700,1073.13311160,1502968908058,False,True
533,4474.80000000,0.29802300,1333.59332040,1502968908064,False,True
534,4474.80000000,0.02531800,113.29298640,1502969053432,False,True
535,4474.80000000,0.05547900,248.25742920,1502969124065,True,True
536,4474.80000000,0.06669500,298.44678600,1502969124073,True,True
537,4485.39000000,0.10629900,476.79247161,1502969142827,False,True
538,4485.39000000,0.11270100,505.50793839,1502969142834,False,True
539,4485.39000000,0.10796900,484.28307291,1502969142841,False,True
540,4485.39000000,0.10705300,480.17445567,1502969227452,False,True
541,4465.06000000,0.03249400,145.08765964,1502969228920,True,True
542,4485.39000000,0.18490000,829.34861100,1502969268060,False,True
543,4485.39000000,0.00392000,17.58272880,1502969334877,False,True
544,4485.39000000,0.03965900,177.88608201,1502969429917,False,True
545,4485.39000000,0.00868400,38.95112676,1502969429925,False,True
546,4459.96000000,0.03400000,151.63864000,1502969880869,False,True
547,4459.96000000,0.11200000,499.51552000,1502969881760,False,True
548,4459.96000000,0.11200000,499.51552000,1502969882593,False,True
549,4469.93000000,0.01712900,76.56543097,1502969909173,False,True
550,4469.93000000,0.08598400,384.34246112,1502969909180,False,True
551,4469.93000000,0.09871200,441.23573016,1502969914972,False,True
552,4469.93000000,0.02582700,115.44488211,1502969914988,False,True
553,4469.93000000,0.04710100,210.53817293,1502969915001,False,True
554,4469.93000000,0.00198600,8.87728098,1502970264065,False,True
555,4469.93000000,0.02000000,89.39860000,1502970351788,False,True
556,4469.93000000,0.07600000,339.71468000,1502970362336,False,True
557,4469.93000000,0.02726200,121.85923166,1502970363344,False,True
558,4469.93000000,0.01273800,56.93796834,1502970363344,False,True
559,4468.93000000,0.05500000,245.79115000,1502970364181,False,True
560,4459.46000000,0.11200000,499.45952000,1502970420633,False,True
561,4459.46000000,0.11200000,499.45952000,1502970421544,False,True
562,4468.93000000,0.01636500,73.13403945,1502970444049,False,True
563,4468.93000000,0.01672300,74.73391639,1502970444056,False,True
564,4468.93000000,0.01424300,63.65096999,1502970453477,False,True
565,4468.93000000,0.04364300,195.03751199,1502970453487,False,True
566,4449.56000000,0.08828200,392.81605592,1502970611008,False,True
567,4434.86000000,0.04940400,219.09982344,1502970684044,False,True
568,4434.86000000,0.11300000,501.13918000,1502970695554,False,True
569,4434.86000000,0.11300000,501.13918000,1502970696473,False,True
570,4434.86000000,0.08368300,371.12238938,1502970752472,False,True
571,4434.86000000,0.02931700,130.01679062,1502970752472,False,True
572,4434.86000000,0.01872300,83.03388378,1502970753360,False,True
573,4434.86000000,0.09427700,418.10529622,1502970753360,False,True
574,4434.86000000,0.02200000,97.56692000,1502970754239,False,True
575,4434.86000000,0.00018700,0.82931882,1502970789907,False,True
576,4434.86000000,0.13757100,610.10812506,1502970851763,True,True
577,4449.56000000,0.06414200,285.40367752,1502970924053,False,True
578,4438.77000000,0.04693700,208.34254749,1502970962111,False,True
579,4449.56000000,0.04005700,178.23602492,1502971024692,False,True
580,4449.56000000,0.07832300,348.50288788,1502971024699,False,True
581,4427.30000000,0.02076500,91.93288450,1502971159790,True,True
582,4436.06000000,0.06155800,273.07498148,1502971308062,False,True
583,4436.06000000,0.06100000,270.59966000,1502971401752,False,True
584,4436.06000000,1.09744200,4868.31855852,1502971422470,False,True
585,4436.06000000,0.12718800,564.21359928,1502971422470,False,True
586,4436.06000000,0.06374800,282.78995288,1502971422470,False,True
587,4436.06000000,0.18313800,812.41115628,1502971422470,False,True
588,4449.56000000,0.22919600,1019.82135376,1502971464766,False,True
589,4449.56000000,0.10949400,487.20012264,1502971464766,False,True
590,4449.56000000,0.45459400,2022.74327864,1502971465856,True,True
591,4447.66000000,0.24300800,1080.81696128,1502971513250,False,True
592,4447.66000000,0.23783000,1057.78697780,1502971513258,False,True
593,4439.67000000,4.12930900,18332.76928803,1502971560075,False,True
594,4447.66000000,0.07532200,335.00664652,1502971595619,False,True
595,4447.66000000,0.06347200,282.30187552,1502971595627,False,True
596,4447.66000000,0.03262100,145.08711686,1502971616816,False,True
597,4447.66000000,0.08475000,376.93918500,1502971619604,False,True
598,4447.66000000,0.07618200,338.83163412,1502971619611,False,True
599,4447.66000000,0.05616800,249.81616688,1502971619619,False,True
600,4447.66000000,0.04605400,204.83253364,1502971678500,False,True
601,4447.66000000,0.05319600,236.59772136,1502971697673,True,True
602,4447.66000000,0.04605400,204.83253364,1502971697673,True,True
603,4447.66000000,0.20985700,933.37258462,1502971697680,True,True
604,4448.89000000,0.18005900,801.06268451,1502971740061,False,True
605,4448.89000000,0.18994100,845.02661549,1502971758120,False,True
606,4448.89000000,0.06454500,287.15360505,1502971758120,False,True
607,4441.87000000,0.09653300,428.78703671,1502971824050,False,True
608,4441.87000000,0.12281000,545.50605470,1502971824061,False,True
609,4441.87000000,0.16362300,726.79209501,1502971824068,False,True
610,4441.87000000,0.02137400,94.94052938,1502971828802,False,True
611,4441.87000000,0.02478800,110.10507356,1502971828809,False,True
612,4441.87000000,0.08296300,368.51086081,1502971841027,False,True
613,4441.87000000,0.09636500,428.04080255,1502971841035,False,True
614,4441.87000000,0.08803800,391.05335106,1502971841044,False,True
615,4441.87000000,0.09023100,400.79437197,1502971924813,False,True
616,4441.87000000,0.06217600,276.17770912,1502971950023,False,True
617,4441.87000000,0.15813400,702.41067058,1502971950034,False,True
618,4441.87000000,0.08291200,368.28432544,1502971950041,False,True
619,4441.87000000,0.05904100,262.25244667,1502971988474,False,True
620,4441.87000000,0.01101200,48.91387244,1502971988482,False,True
621,4441.87000000,0.00813200,36.12128684,1502971988482,False,True
622,4441.87000000,0.01400000,62.18618000,1502972010079,False,True
623,4441.87000000,0.03300000,146.58171000,1502972010947,False,True
624,4441.87000000,0.04070900,180.82408583,1502972028050,False,True
625,4441.87000000,0.02200000,97.72114000,1502972031756,False,True
626,4441.87000000,0.46544100,2067.42841467,1502972058532,False,True
627,4441.87000000,0.52492000,2331.62640040,1502972058539,False,True
628,4441.87000000,0.01354700,60.17401289,1502972058547,False,True
629,4441.87000000,0.02953100,131.17286297,1502972090082,False,True
630,4441.87000000,0.31054700,1379.40940289,1502972090091,False,True
631,4441.87000000,0.37660500,1672.83045135,1502972090098,False,True
632,4441.87000000,0.08199800,364.22445626,1502972132949,False,True
633,4441.87000000,0.06616300,293.88744481,1502972184050,False,True
634,4441.87000000,0.09776900,434.27718803,1502972245693,False,True
635,4441.87000000,0.14177200,629.73279364,1502972245700,False,True
636,4441.87000000,0.01716100,76.22693107,1502972245707,False,True
637,4431.68000000,0.02500000,110.79200000,1502972383044,True,True
638,4430.95000000,0.00493000,21.84458350,1502972484067,False,True
639,4427.30000000,0.10400000,460.43920000,1502972594280,True,True
640,4427.30000000,0.11300000,500.28490000,1502972595158,True,True
641,4427.30000000,0.02000000,88.54600000,1502972596047,True,True
642,4427.30000000,0.01600000,70.83680000,1502972596881,True,True
643,4427.30000000,0.10100000,447.15730000,1502972597824,True,True
644,4427.30000000,0.11300000,500.28490000,1502972599277,True,True
645,4427.30000000,0.11300000,500.28490000,1502972600145,True,True
646,4427.30000000,0.11300000,500.28490000,1502972600977,True,True
647,4427.30000000,0.11300000,500.28490000,1502972601813,True,True
648,4427.30000000,0.04100000,181.51930000,1502972602755,True,True
649,4427.30000000,1.94783400,8623.64546820,1502972626240,True,True
650,4430.95000000,0.00996300,44.14555485,1502972628058,False,True
651,4430.95000000,0.81000000,3589.06950000,1502972631510,False,True
652,4430.95000000,0.11300000,500.69735000,1502972648712,False,True
653,4427.30000000,2.18440100,9670.99854730,1502972655105,True,True
654,4427.30000000,2.47583900,10961.28200470,1502972658087,False,True
655,4425.25000000,0.02600000,115.05650000,1502972730064,False,True
656,4423.20000000,0.94000000,4157.80800000,1502972802037,True,True
657,4425.25000000,0.01955900,86.55346475,1502972921916,False,True
658,4418.12000000,0.11300000,499.24756000,1502972960171,True,True
659,4417.00000000,0.02750800,121.50283600,1502973132517,False,True
660,4417.00000000,0.00029300,1.29418100,1502973333495,False,True
661,4417.00000000,0.00319900,14.12998300,1502973376636,False,True
662,4417.00000000,0.04580100,202.30301700,1502973376636,False,True
663,4417.00000000,0.04100000,181.09700000,1502973381740,False,True
664,4417.00000000,0.02200000,97.17400000,1502973515780,True,True
665,4417.00000000,0.11300000,499.12100000,1502973517326,True,True
666,4417.00000000,0.02500000,110.42500000,1502973551679,True,True
667,4427.30000000,0.00491200,21.74689760,1502973570948,False,True
668,4419.14000000,0.04502900,198.98945506,1502973660850,False,True
669,4419.14000000,0.01339400,59.18996116,1502973660857,False,True
670,4419.14000000,0.05186800,229.21195352,1502973660865,False,True
671,4427.30000000,0.25545600,1130.98034880,1502973671564,False,True
672,4430.95000000,0.24710700,1094.91876165,1502973674856,False,True
673,4411.01000000,0.01500000,66.16515000,1502973693269,True,True
674,4431.13000000,0.17931000,794.54592030,1502973752025,False,True
675,4430.00000000,0.02877300,127.46439000,1502974080059,False,True
676,4420.50000000,0.04872500,215.38886250,1502974080074,False,True
677,4420.00000000,0.11300000,499.46000000,1502974159973,True,True
678,4420.00000000,0.07500000,331.50000000,1502974160758,True,True
679,4420.00000000,0.11300000,499.46000000,1502974163411,True,True
680,4420.00000000,0.11300000,499.46000000,1502974164284,True,True
681,4420.00000000,0.08600000,380.12000000,1502974165145,True,True
682,4411.00000000,0.01300000,57.34300000,1502974169298,True,True
683,4411.00000000,0.10900000,480.79900000,1502974170228,True,True
684,4420.00000000,0.02478200,109.53644000,1502974230291,False,True
685,4420.00000000,0.00221800,9.80356000,1502974428981,False,True
686,4420.00000000,0.01346800,59.52856000,1502974440083,True,True
687,4431.13000000,0.01900800,84.22691904,1502974470538,False,True
688,4411.00000000,0.06100000,269.07100000,1502974486361,True,True
689,4411.00000000,0.02700000,119.09700000,1502974487225,True,True
690,4411.00000000,0.28000000,1235.08000000,1502974829683,True,True
691,4424.57000000,0.01120900,49.59500513,1502975040072,False,True
692,4424.57000000,0.04000000,176.98280000,1502975089936,False,True
693,4430.00000000,0.27879700,1235.07071000,1502975089936,False,True
694,4434.12000000,0.09242400,409.81910688,1502975114373,True,True
695,4445.88000000,0.03753100,166.85832228,1502975169800,False,True
696,4440.00000000,0.21446200,952.21128000,1502975220079,False,True
697,4445.88000000,0.17519200,778.88260896,1502975233247,False,True
698,4440.00000000,0.07970300,353.88132000,1502975460075,False,True
699,4445.88000000,0.04962500,220.62679500,1502975504950,False,True
700,4430.43000000,0.01300000,57.59559000,1502975941857,False,True
701,4430.43000000,0.00147900,6.55260597,1502976226849,False,True
702,4425.21000000,0.04145400,183.44265534,1502976240080,False,True
703,4430.43000000,0.02615200,115.86460536,1502976250283,False,True
704,4430.43000000,0.03915000,173.45133450,1502976250291,False,True
705,4440.00000000,0.04100000,182.04000000,1502976294830,False,True
706,4425.21000000,0.02715000,120.14445150,1502976468072,False,True
707,4422.60000000,1.40000000,6191.64000000,1502976541676,False,True
708,4425.21000000,0.36601700,1619.70208857,1502976544028,False,True
709,4425.21000000,0.14398400,637.15943664,1502976544028,False,True
710,4425.21000000,0.09252400,409.43813004,1502976564058,False,True
711,4425.21000000,0.14398400,637.15943664,1502976564058,False,True
712,4425.21000000,0.07843600,347.09577156,1502976564064,False,True
713,4440.00000000,0.04504500,199.99980000,1502976589313,False,True
714,4435.12000000,0.22242000,986.45939040,1502976624669,True,True
715,4435.12000000,0.02758000,122.32060960,1502976624676,True,True
716,4425.21000000,0.14398400,637.15943664,1502976624676,True,True
717,4425.21000000,0.00617700,27.33452217,1502976624676,True,True
718,4435.12000000,0.11296000,500.99115520,1502976653829,True,True
719,4435.21000000,0.21606600,958.29808386,1502976684047,False,True
720,4435.21000000,0.26288400,1165.94574564,1502976684055,False,True
721,4435.21000000,0.13460700,597.01031247,1502976684061,False,True
722,4435.21000000,0.20496600,909.06725286,1502976699799,False,True
723,4435.21000000,0.28819700,1278.21421637,1502976699807,False,True
724,4435.21000000,0.04915000,217.99057150,1502976768051,True,True
725,4440.00000000,0.12801200,568.37328000,1502976775535,False,True
726,4440.00000000,0.18131600,805.04304000,1502976775543,False,True
727,4440.00000000,0.07531600,334.40304000,1502976775550,False,True
728,4440.00000000,0.02295100,101.90244000,1502976802078,False,True
729,4440.00000000,0.05845900,259.55796000,1502976802086,False,True
730,4440.00000000,0.22144700,983.22468000,1502976885308,False,True
731,4445.00000000,0.35000000,1555.75000000,1502976921911,False,True
732,4440.00000000,0.05229700,232.19868000,1502976927628,True,True
733,4440.00000000,0.16685500,740.83620000,1502976927628,True,True
734,4440.00000000,0.05459200,242.38848000,1502976927628,True,True
735,4440.00000000,0.16685500,740.83620000,1502976927638,True,True
736,4445.00000000,0.01640000,72.89800000,1502976934337,False,True
737,4445.00000000,0.11064100,491.79924500,1502976949814,True,True
738,4445.00000000,0.06594700,293.13441500,1502976954777,True,True
739,4445.00000000,0.00345300,15.34858500,1502976954777,True,True
740,4445.00000000,0.50230900,2232.76350500,1502976984061,True,True
741,4445.00000000,0.00345300,15.34858500,1502976984061,True,True
742,4445.00000000,0.48516800,2156.57176000,1502976984069,True,True
743,4445.00000000,0.02917000,129.66065000,1502977037289,False,True
744,4445.00000000,0.13810600,613.88117000,1502977044954,False,True
745,4445.00000000,0.06374000,283.32430000,1502977044962,False,True
746,4445.00000000,0.15413800,685.14341000,1502977135717,False,True
747,4445.00000000,0.10403300,462.42668500,1502977135725,False,True
748,4445.00000000,0.15230900,677.01350500,1502977135732,False,True
749,4445.00000000,0.16648700,740.03471500,1502977181490,False,True
750,4445.00000000,0.14163300,629.55868500,1502977181501,False,True
751,4445.00000000,0.44954200,1998.21419000,1502977181508,False,True
752,4445.00000000,0.12490500,555.20272500,1502977433412,False,True
753,4445.00000000,0.00097900,4.35165500,1502977433419,False,True
754,4445.00000000,1.64513600,7312.62952000,1502977452098,False,True
755,4432.07000000,0.06900000,305.81283000,1502977560933,False,True
756,4445.00000000,0.03197300,142.11998500,1502977679794,False,True
757,4445.00000000,0.04285600,190.49492000,1502977679804,False,True
758,4425.60000000,4.12452700,18253.50669120,1502977800072,False,True
759,4432.07000000,0.50000000,2216.03500000,1502977816458,False,True
760,4432.07000000,0.14936400,661.99170348,1502977840973,False,True
761,4432.07000000,0.14986400,664.20773848,1502977840981,False,True
762,4432.07000000,0.70477200,3123.59883804,1502977854245,False,True
763,4433.20000000,0.51522800,2284.10876960,1502977920073,True,True
764,4432.07000000,0.22821600,1011.46928712,1502977920073,True,True
765,4432.07000000,0.51522800,2283.52656196,1502977920081,True,True
766,4432.07000000,0.58379100,2587.40257737,1502977920081,True,True
767,4445.00000000,0.08840700,392.96911500,1502977982627,False,True
768,4445.00000000,0.01170900,52.04650500,1502977982636,False,True
769,4445.00000000,0.11272200,501.04929000,1502977982643,False,True
770,4445.00000000,0.06650800,295.62806000,1502978028077,False,True
771,4445.00000000,0.19615000,871.88675000,1502978028083,False,True
772,4445.00000000,0.07590800,337.41106000,1502978049548,False,True
773,4445.00000000,0.02979600,132.44322000,1502978057382,False,True
774,4445.00000000,0.37575500,1670.23097500,1502978057390,False,True
775,4445.00000000,0.16798500,746.69332500,1502978095456,False,True
776,4445.00000000,0.44011700,1956.32006500,1502978095463,False,True
777,4445.00000000,0.03650900,162.28250500,1502978095469,False,True
778,4445.00000000,0.05565500,247.38647500,1502978115583,False,True
779,4445.00000000,0.08277200,367.92154000,1502978115591,False,True
780,4445.00000000,0.13454200,598.03919000,1502978156556,False,True
781,4445.00000000,0.02200000,97.79000000,1502978178344,False,True
782,4445.00000000,0.11200000,497.84000000,1502978206295,False,True
783,4445.00000000,0.01200000,53.34000000,1502978207088,False,True
784,4445.00000000,0.00895700,39.81386500,1502978222530,False,True
785,4445.00000000,0.11200000,497.84000000,1502978249895,False,True
786,4445.00000000,0.11200000,497.84000000,1502978250776,False,True
787,4445.00000000,0.11200000,497.84000000,1502978251786,False,True
788,4445.00000000,0.13000100,577.85444500,1502978259770,False,True
789,4445.00000000,0.25000000,1111.25000000,1502978263655,False,True
790,4445.00000000,0.73000000,3244.85000000,1502978265770,False,True
791,4445.00000000,1.65000000,7334.25000000,1502978268334,False,True
792,4445.00000000,1.59000100,7067.55444500,1502978271122,False,True
793,4445.00000000,0.47000000,2089.15000000,1502978275843,False,True
794,4445.00000000,1.84000100,8178.80444500,1502978278455,False,True
795,4445.00000000,0.90000100,4000.50444500,1502978280124,False,True
796,4445.00000000,0.97000000,4311.65000000,1502978283386,False,True
797,4445.00000000,0.10884000,483.79380000,1502978284181,False,True
798,4445.00000000,0.69000000,3067.05000000,1502978286752,False,True
799,4445.00000000,0.06065700,269.62036500,1502978290562,False,True
800,4452.12000000,0.03734600,166.26887352,1502978304052,True,True
801,4452.12000000,0.25352000,1128.70146240,1502978304060,True,True
802,4452.12000000,0.06880000,306.30585600,1502978314759,True,True
803,4459.00000000,0.04200000,187.27800000,1502978326135,False,True
804,4459.00000000,0.02782800,124.08505200,1502978328046,False,True
805,4459.00000000,0.12841600,572.60694400,1502978328054,False,True
806,4459.00000000,0.09203300,410.37514700,1502978328060,False,True
807,4459.00000000,0.06972300,310.89485700,1502978337542,False,True
808,4459.00000000,0.19345000,862.59355000,1502978400056,True,True
809,4459.00000000,0.06226400,277.63517600,1502978400056,True,True
810,4460.00000000,0.06800000,303.28000000,1502978414538,False,True
811,4460.00000000,0.13823900,616.54594000,1502978426889,False,True
812,4460.00000000,0.00076600,3.41636000,1502978426897,False,True
813,4460.00000000,0.14299500,637.75770000,1502978426905,False,True
814,4460.00000000,0.08788500,391.96710000,1502978426905,False,True
815,4460.00000000,0.01600000,71.36000000,1502978495264,False,True
816,4460.00000000,0.08926000,398.09960000,1502978500927,False,True
817,4460.00000000,0.48435900,2160.24114000,1502978508075,False,True
818,4460.00000000,0.10526000,469.45960000,1502978508075,False,True
819,4460.00000000,0.30884200,1377.43532000,1502978508082,False,True
820,4460.00000000,0.10526000,469.45960000,1502978508082,False,True
821,4460.00000000,0.00434600,19.38316000,1502978508090,False,True
822,4460.00000000,1.90590500,8500.33630000,1502978549476,False,True
823,4460.00000000,0.08163100,364.07426000,1502978549483,False,True
824,4460.00000000,1.91025300,8519.72838000,1502978604052,False,True
825,4460.00000000,0.07996700,356.65282000,1502978670511,True,True
826,4460.00000000,0.15753200,702.59272000,1502978724061,False,True
827,4460.00000000,0.08069200,359.88632000,1502978724070,False,True
828,4460.00000000,0.41129700,1834.38462000,1502978724078,False,True
829,4460.00000000,0.33749900,1505.24554000,1502978730003,False,True
830,4460.00000000,0.10217900,455.71834000,1502978730011,False,True
831,4460.00000000,0.29994500,1337.75470000,1502978844051,False,True
832,4460.00000000,0.16385600,730.79776000,1502978844058,False,True
833,4460.00000000,0.18291200,815.78752000,1502978844058,False,True
834,4460.00000000,0.11703300,521.96718000,1502978844065,False,True
835,4460.00000000,0.29222600,1303.32796000,1502978844065,False,True
836,4460.00000000,0.12739200,568.16832000,1502978894359,False,True
837,4460.00000000,0.05036200,224.61452000,1502978894366,False,True
838,4460.00000000,0.00666300,29.71698000,1502978894373,False,True
839,4460.00000000,0.44586700,1988.56682000,1502978964059,False,True
840,4460.00000000,0.49999700,2229.98662000,1502978964076,False,True
841,4460.00000000,0.08671800,386.76228000,1502979033480,False,True
842,4460.00000000,0.39576000,1765.08960000,1502979048049,True,True
843,4460.00000000,0.11200000,499.52000000,1502979122228,True,True
844,4460.00000000,0.11200000,499.52000000,1502979123114,True,True
845,4460.00000000,0.11200000,499.52000000,1502979124043,True,True
846,4460.00000000,0.02400000,107.04000000,1502979124814,True,True
847,4460.00000000,0.11200000,499.52000000,1502979128155,True,True
848,4460.00000000,0.06500000,289.90000000,1502979129046,True,True
849,4460.00000000,0.11200000,499.52000000,1502979129942,True,True
850,4460.00000000,0.11200000,499.52000000,1502979130814,True,True
851,4460.00000000,1.38000000,6154.80000000,1502979132968,True,True
852,4460.00000000,0.82000000,3657.20000000,1502979136452,True,True
853,4460.00000000,0.08600000,383.56000000,1502979138187,True,True
854,4452.75000000,0.37477900,1668.79719225,1502979144059,False,True
855,4452.75000000,0.00058100,2.58704775,1502979155985,False,True
856,4435.93000000,4.01625600,17815.83047808,1502979180067,False,True
857,4452.71000000,0.17773600,791.40686456,1502979213216,False,True
858,4452.71000000,0.05654000,251.75622340,1502979218545,False,True
859,4452.71000000,0.12296100,547.50967431,1502979218552,False,True
860,4452.71000000,0.34074400,1517.23421624,1502979320645,False,True
861,4452.71000000,0.13201900,587.84232149,1502979360083,False,True
862,4452.71000000,0.01680300,74.81888613,1502979360083,False,True
863,4452.71000000,0.05635300,250.92356663,1502979360090,False,True
864,4452.71000000,0.00288800,12.85942648,1502979360098,False,True
865,4452.71000000,0.00698600,31.10663206,1502979368518,False,True
866,4452.71000000,0.02245300,99.97669763,1502979413943,True,True
867,4452.71000000,0.00698600,31.10663206,1502979413943,True,True
868,4452.71000000,0.03985300,177.45385163,1502979413951,True,True
869,4459.81000000,0.11842600,528.15745906,1502979504050,False,True
870,4459.81000000,0.05005100,223.21795031,1502979509507,False,True
871,4459.81000000,0.02302100,102.66928601,1502979509515,False,True
872,4459.81000000,0.15130800,674.80493148,1502979523872,False,True
873,4459.81000000,0.14009300,624.78816233,1502979523881,False,True
874,4459.81000000,0.12732400,567.84084844,1502979523888,False,True
875,4459.81000000,0.01342900,59.89078849,1502979544560,False,True
876,4459.81000000,0.10060100,448.66134581,1502979624046,False,True
877,4459.81000000,0.04715600,210.30680036,1502979630634,False,True
878,4459.81000000,0.09859100,439.69712771,1502979649657,False,True
879,4459.81000000,0.08821800,393.43551858,1502979708071,True,True
880,4459.81000000,0.09859100,439.69712771,1502979708071,True,True
881,4459.81000000,0.02641600,117.81034096,1502979708077,True,True
882,4459.81000000,0.09859100,439.69712771,1502979708077,True,True
883,4459.81000000,0.07890900,351.91914729,1502979708084,True,True
884,4460.00000000,0.06400000,285.44000000,1502979717834,False,True
885,4460.00000000,0.03098100,138.17526000,1502979742626,True,True
886,4460.00000000,0.06400000,285.44000000,1502979742626,True,True
887,4460.00000000,0.07338500,327.29710000,1502979742634,True,True
888,4469.46000000,0.01616900,72.26669874,1502979804049,False,True
889,4469.35000000,0.01792200,80.09969070,1502979809793,False,True
890,4469.35000000,0.08361100,373.68682285,1502979809800,False,True
891,4469.35000000,0.00170300,7.61130305,1502979809808,False,True
892,4469.35000000,0.11512900,514.55179615,1502979888055,False,True
893,4469.35000000,0.05009700,223.90102695,1502979888063,False,True
894,4469.35000000,0.01228000,54.88361800,1502979888070,False,True
895,4469.35000000,0.00930000,41.56495500,1502979902003,False,True
896,4437.35000000,0.28744600,1275.49850810,1502979937322,True,True
897,4469.35000000,0.02359600,105.45878260,1502979984052,False,True
898,4469.35000000,0.02099100,93.81612585,1502979984060,False,True
899,4469.35000000,0.04714400,210.70303640,1502979984067,False,True
900,4469.35000000,0.13826000,617.93233100,1502980040934,False,True
901,4469.35000000,0.15196700,679.19371145,1502980046948,False,True
902,4469.35000000,0.02800000,125.14180000,1502980047464,True,True
903,4469.35000000,0.15083000,674.11206050,1502980068055,True,True
904,4469.35000000,0.17996700,804.33551145,1502980068055,True,True
905,4469.35000000,0.01354600,60.54181510,1502980068064,True,True
906,4469.35000000,0.11020700,492.55365545,1502980068064,True,True
907,4469.46000000,0.65383200,2922.27597072,1502980108249,False,True
908,4469.46000000,0.04894500,218.75771970,1502980108249,False,True
909,4467.81000000,0.00665200,29.71987212,1502980127884,False,True
910,4467.81000000,0.02237400,99.96278094,1502980142825,False,True
911,4467.81000000,0.00220000,9.82918200,1502980194708,False,True
912,4467.81000000,0.00672300,30.03708663,1502980205018,False,True
913,4467.81000000,0.18146900,810.76901289,1502980210421,False,True
914,4467.81000000,0.20541600,917.75965896,1502980210429,False,True
915,4467.81000000,0.05502600,245.84571306,1502980284053,False,True
916,4467.81000000,0.12427700,555.24602337,1502980284061,False,True
917,4467.81000000,0.37899900,1693.29552219,1502980312193,False,True
918,4452.57000000,4.05121500,18038.31837255,1502980320095,False,True
919,4467.81000000,0.00696200,31.10489322,1502980339487,False,True
920,4467.81000000,0.18255400,815.61658674,1502980344053,False,True
921,4467.81000000,0.00696200,31.10489322,1502980344053,False,True
922,4467.81000000,0.02665000,119.06713650,1502980344061,False,True
923,4467.81000000,0.02600000,116.16306000,1502980358588,True,True
924,4467.81000000,0.06578500,293.91488085,1502980385083,True,True
925,4484.00000000,0.04955300,222.19565200,1502980464056,False,True
926,4484.00000000,0.05469100,245.23444400,1502980514821,False,True
927,4484.00000000,0.05057400,226.77381600,1502980514829,False,True
928,4484.00000000,0.00838000,37.57592000,1502980520145,False,True
929,4484.00000000,0.03768100,168.96160400,1502980520519,True,True
930,4484.00000000,0.00252600,11.32658400,1502980520519,True,True
931,4484.00000000,0.05369600,240.77286400,1502980565302,False,True
932,4484.00000000,0.01809700,81.14694800,1502980629003,False,True
933,4485.00000000,0.26595800,1192.82163000,1502980629003,False,True
934,4484.00000000,0.04779600,214.31726400,1502980688269,False,True
935,4484.00000000,0.11200000,502.20800000,1502980688961,True,True
936,4484.00000000,0.03100000,139.00400000,1502980689868,True,True
937,4484.00000000,0.05917300,265.33173200,1502980690725,True,True
938,4484.00000000,0.05282700,236.87626800,1502980774648,False,True
939,4484.00000000,0.02171800,97.38351200,1502980774648,False,True
940,4484.00000000,0.00102700,4.60506800,1502980774657,False,True
941,4484.00000000,0.05180000,232.27120000,1502980774664,False,True
942,4484.00000000,0.00102700,4.60506800,1502980774664,False,True
943,4484.00000000,0.01346300,60.36809200,1502980774664,False,True
944,4484.00000000,0.11200000,502.20800000,1502980805254,True,True
945,4484.00000000,0.01900000,85.19600000,1502980806085,True,True
946,4484.00000000,0.06000000,269.04000000,1502980806968,True,True
947,4484.00000000,0.11200000,502.20800000,1502980807808,True,True
948,4484.00000000,0.09231000,413.91804000,1502980808662,True,True
949,4484.00000000,0.01969000,88.28996000,1502980808662,True,True
950,4484.00000000,0.11200000,502.20800000,1502980811413,True,True
951,4484.00000000,0.03300000,147.97200000,1502980812403,True,True
952,4484.00000000,0.11200000,502.20800000,1502980813794,True,True
953,4484.00000000,0.09728100,436.20800400,1502980814612,True,True
954,4484.00000000,0.01471900,65.99999600,1502980814612,True,True
955,4484.00000000,0.01000000,44.84000000,1502980815473,True,True
956,4484.00000000,0.08600000,385.62400000,1502980815482,True,True
957,4484.00000000,0.13793800,618.51399200,1502980824061,True,True
958,4485.00000000,0.04078300,182.91175500,1502980836848,False,True
959,4485.00000000,0.03971200,178.10832000,1502980860078,False,True
960,4485.00000000,0.00420600,18.86391000,1502980860085,False,True
961,4485.00000000,0.05903000,264.74955000,1502980860093,False,True
962,4485.00000000,0.00845900,37.93861500,1502980866033,False,True
963,4485.00000000,0.03602400,161.56764000,1502980866033,False,True
964,4485.00000000,0.00950000,42.60750000,1502980872682,False,True
965,4485.00000000,0.12928500,579.84322500,1502980944054,False,True
966,4485.00000000,0.46074100,2066.42338500,1502980944054,False,True
967,4485.00000000,0.01000000,44.85000000,1502980972770,False,True
968,4485.00000000,0.76198300,3417.49375500,1502980980096,False,True
969,4485.00000000,0.02900000,130.06500000,1502980986500,True,True
970,4485.00000000,0.01800000,80.73000000,1502980987441,True,True
971,4485.00000000,0.11200000,502.32000000,1502980989573,True,True
972,4485.00000000,0.04800000,215.28000000,1502980990527,True,True
973,4485.00000000,0.05150300,230.99095500,1502980991361,True,True
974,4485.00000000,0.06049700,271.32904500,1502980991361,True,True
975,4485.00000000,0.11200000,502.32000000,1502980992201,True,True
976,4485.00000000,0.02900000,130.06500000,1502980993066,True,True
977,4485.00000000,0.24110600,1081.36041000,1502981004052,True,True
978,4485.39000000,0.08296400,372.12589596,1502981014981,False,True
979,4485.39000000,0.06585100,295.36741689,1502981020532,False,True
980,4485.39000000,0.02130200,95.54777778,1502981020532,False,True
981,4485.39000000,0.01063800,47.71557882,1502981020540,False,True
982,4477.53000000,0.04378200,196.03521846,1502981094281,False,True
983,4477.53000000,0.10105300,452.46783909,1502981094289,False,True
984,4477.53000000,0.06863600,307.31974908,1502981184057,False,True
985,4477.53000000,0.03993200,178.79672796,1502981184063,False,True
986,4477.53000000,0.06276300,281.02321539,1502981184070,False,True
987,4477.53000000,0.02985500,133.67665815,1502981213035,False,True
988,4477.53000000,0.04222200,189.05027166,1502981213042,False,True
989,4477.53000000,0.04181000,187.20552930,1502981220395,False,True
990,4477.53000000,0.13317600,596.29953528,1502981280409,False,True
991,4477.53000000,0.06514700,291.69764691,1502981280416,False,True
992,4477.53000000,0.08539500,382.35867435,1502981280423,False,True
993,4477.53000000,0.13668200,611.99775546,1502981291664,False,True
994,4477.53000000,0.14954700,669.60117891,1502981291671,False,True
995,4477.53000000,0.03656600,163.72536198,1502981293415,True,True
996,4477.53000000,0.06731400,301.40045442,1502981357825,False,True
997,4477.53000000,0.09791500,438.41734995,1502981357832,False,True
998,4477.53000000,0.02731900,122.32164207,1502981357839,False,True
999,4477.53000000,0.31616900,1415.65618257,1502981366799,False,True
1000,4477.53000000,0.04800000,214.92144000,1502981410260,False,True
1001,4477.53000000,0.01200000,53.73036000,1502981412986,False,True
1002,4477.53000000,0.02200000,98.50566000,1502981413932,False,True
1003,4477.53000000,0.16913500,757.30703655,1502981504435,False,True
1004,4477.53000000,0.20595800,922.18312374,1502981504449,False,True
1005,4457.43000000,4.04050800,18010.28157444,1502981520065,False,True
1006,4477.53000000,0.19762400,884.86738872,1502981526555,False,True
1007,4477.53000000,0.54900800,2458.19979024,1502981526649,True,True
1008,4476.84000000,0.01099300,49.21390212,1502981628053,False,True
1009,4476.84000000,0.21734500,973.01878980,1502981628053,False,True
1010,4476.84000000,0.00024600,1.10130264,1502981628060,False,True
1011,4476.84000000,0.01074700,48.11259948,1502981628067,False,True
1012,4476.84000000,0.00024600,1.10130264,1502981628067,False,True
1013,4476.84000000,0.24953600,1117.13274624,1502981628067,False,True
1014,4476.84000000,0.30778000,1377.88181520,1502981637652,True,True
1015,4476.84000000,0.88807500,3975.76968300,1502981637659,True,True
1016,4477.53000000,0.04425400,198.14861262,1502981688053,False,True
1017,4477.53000000,1.00972800,4521.08741184,1502981700089,False,True
1018,4477.23000000,0.45000000,2014.75350000,1502981734004,False,True
1019,4477.53000000,0.73001500,3268.66406295,1502981734004,False,True
1020,4477.53000000,0.08600400,385.08549012,1502981734013,False,True
1021,4477.53000000,0.10200000,456.70806000,1502981736926,True,True
1022,4477.53000000,0.73853800,3306.82605114,1502981737106,True,True
1023,4453.26000000,3.97933600,17721.01783536,1502981760067,False,True
1024,4468.33000000,0.45000000,2010.74850000,1502981778698,False,True
1025,4469.17000000,0.16852200,753.15346674,1502981778698,False,True
1026,4469.17000000,0.18275000,816.74081750,1502981778706,False,True
1027,4468.33000000,0.02000000,89.36660000,1502981793307,True,True
1028,4468.33000000,0.81022100,3620.33480093,1502981844058,True,True
1029,4468.33000000,0.02000000,89.36660000,1502981844058,True,True
1030,4468.33000000,0.88252000,3943.39059160,1502981844067,True,True
1031,4468.33000000,0.02000000,89.36660000,1502981844067,True,True
1032,4468.33000000,0.31576200,1410.92881746,1502981844074,True,True
1033,4469.17000000,0.34019000,1520.36694230,1502981851866,False,True
1034,4469.17000000,0.11200000,500.54704000,1502981863041,True,True
1035,4469.17000000,0.01200000,53.63004000,1502981863928,True,True
1036,4469.17000000,0.88421500,3951.70715155,1502981885703,True,True
1037,4470.82000000,0.05852600,261.65921132,1502981940067,False,True
1038,4470.82000000,0.05147500,230.13545950,1502981992049,False,True
1039,4470.82000000,0.27907200,1247.68067904,1502981992049,False,True
1040,4470.82000000,0.05147500,230.13545950,1502981992056,False,True
1041,4470.82000000,0.10345400,462.52421228,1502981992056,False,True
1042,4470.82000000,0.56230000,2513.94208600,1502982048061,False,True
1043,4470.82000000,0.36358500,1625.52308970,1502982055860,False,True
1044,4470.82000000,0.16665400,745.08003628,1502982055868,False,True
1045,4470.82000000,0.25896000,1157.76354720,1502982055875,False,True
1046,4470.82000000,0.32236600,1441.24036012,1502982108059,False,True
1047,4470.00000000,0.24800900,1108.60023000,1502982158541,False,True
1048,4470.00000000,0.39189300,1751.76171000,1502982195436,False,True
1049,4470.00000000,0.37411500,1672.29405000,1502982213408,False,True
1050,4453.67000000,4.03134000,17954.25801780,1502982240066,False,True
1051,4470.00000000,0.08643600,386.36892000,1502982268538,False,True
1052,4470.00000000,0.30340000,1356.19800000,1502982362517,False,True
1053,4469.99000000,0.02348500,104.97771515,1502982444051,False,True
1054,4469.00000000,0.07764900,347.01338100,1502982477158,False,True
1055,4469.00000000,0.11273800,503.82612200,1502982477165,False,True
1056,4469.00000000,0.05365700,239.79313300,1502982493628,False,True
1057,4469.00000000,0.00805400,35.99332600,1502982493635,False,True
1058,4469.00000000,0.05959500,266.33005500,1502982493644,False,True
1059,4469.00000000,0.15647700,699.29571300,1502982605824,False,True
1060,4469.00000000,0.09850700,440.22778300,1502982605832,False,True
1061,4469.00000000,0.45613400,2038.46284600,1502982675915,False,True
1062,4469.00000000,0.01149500,51.37115500,1502982684048,False,True
1063,4469.00000000,0.04121900,184.20771100,1502982684056,False,True
1064,4460.00000000,0.10936300,487.75898000,1502982710393,True,True
1065,4460.00000000,0.00263700,11.76102000,1502982710393,True,True
1066,4460.00000000,0.03132200,139.69612000,1502982711264,True,True
1067,4460.00000000,0.00832400,37.12504000,1502982721450,False,True
1068,4460.00000000,0.07235400,322.69884000,1502982768060,False,True
1069,4460.00000000,0.24066800,1073.37928000,1502982768060,False,True
1070,4460.00000000,0.20969700,935.24862000,1502982778040,False,True
1071,4460.00000000,0.30527700,1361.53542000,1502982778047,False,True
1072,4460.00000000,0.25257200,1126.47112000,1502982778054,False,True
1073,4460.00000000,0.11200000,499.52000000,1502982792240,True,True
1074,4460.00000000,0.11200000,499.52000000,1502982793139,True,True
1075,4460.00000000,0.01805900,80.54314000,1502982793947,True,True
1076,4460.00000000,0.09394100,418.97686000,1502982886229,False,True
1077,4460.00000000,0.02660700,118.66722000,1502982886229,False,True
1078,4460.00000000,0.16816200,750.00252000,1502982948055,False,True
1079,4460.00000000,0.04853100,216.44826000,1502982948055,False,True
1080,4460.00000000,0.16816200,750.00252000,1502982948063,False,True
1081,4460.00000000,0.26564900,1184.79454000,1502982948063,False,True
1082,4460.00000000,0.16816200,750.00252000,1502982948070,False,True
1083,4460.00000000,0.13142600,586.15996000,1502982948070,False,True
1084,4460.00000000,0.05000000,223.00000000,1502982989519,True,True
1085,4460.00000000,0.90703700,4045.38502000,1502983011485,True,True
1086,4469.00000000,0.01312700,58.66456300,1502983044050,False,True
1087,4469.00000000,0.01396900,62.42746100,1502983044057,False,True
1088,4469.00000000,0.07678900,343.17004100,1502983050003,False,True
1089,4469.00000000,0.20150300,900.51690700,1502983050013,False,True
1090,4469.00000000,0.16682000,745.51858000,1502983050020,False,True
1091,4469.00000000,0.06855200,306.35888800,1502983059787,False,True
1092,4469.00000000,0.38065300,1701.13825700,1502983121147,False,True
1093,4469.00000000,0.01443200,64.49660800,1502983128070,True,True
1094,4469.00000000,0.14724700,658.04684300,1502983128070,True,True
1095,4469.99000000,0.14025100,626.92056749,1502983172988,False,True
1096,4469.99000000,0.39607100,1770.43340929,1502983172988,False,True
1097,4445.00000000,0.11300000,502.28500000,1502983243161,True,True
1098,4445.00000000,0.11300000,502.28500000,1502983244012,True,True
1099,4469.00000000,0.00696200,31.11317800,1502983248059,False,True
1100,4469.99000000,0.44690400,1997.65641096,1502983248059,False,True
1101,4469.99000000,0.00696200,31.12007038,1502983248067,False,True
1102,4469.99000000,0.05948200,265.88394518,1502983248067,False,True
1103,4469.99000000,0.00696200,31.12007038,1502983248073,False,True
1104,4469.99000000,0.61211000,2736.12557890,1502983248073,False,True
1105,4469.00000000,0.04296200,191.99717800,1502983265127,False,True
1106,4469.00000000,0.11200000,500.52800000,1502983330421,True,True
1107,4469.00000000,0.01600000,71.50400000,1502983331271,True,True
1108,4469.00000000,0.08748700,390.97940300,1502983332135,True,True
1109,4469.00000000,0.02451300,109.54859700,1502983332135,True,True
1110,4469.00000000,0.08200000,366.45800000,1502983333015,True,True
1111,4469.00000000,0.03700000,165.35300000,1502983334628,True,True
1112,4469.00000000,0.10985600,490.94646400,1502983335497,True,True
1113,4469.00000000,0.00214400,9.58153600,1502983348958,False,True
1114,4469.00000000,0.47547900,2124.91565100,1502983349035,True,True
1115,4470.82000000,0.06640500,296.88480210,1502983358409,False,True
1116,4445.00000000,0.11300000,502.28500000,1502983376328,True,True
1117,4445.00000000,0.11300000,502.28500000,1502983377131,True,True
1118,4445.00000000,0.03800000,168.91000000,1502983378051,True,True
1119,4445.00000000,0.11400000,506.73000000,1502983413538,True,True
1120,4445.00000000,0.08600000,382.27000000,1502983414386,True,True
1121,4445.00000000,0.11300000,502.28500000,1502983415182,True,True
1122,4445.00000000,0.11300000,502.28500000,1502983416036,True,True
1123,4445.00000000,0.07950000,353.37750000,1502983417016,True,True
1124,4445.00000000,0.01567300,69.66648500,1502983435687,False,True
1125,4445.00000000,0.01782700,79.24101500,1502983435695,False,True
1126,4445.00000000,0.02900000,128.90500000,1502983436541,True,True
1127,4445.00000000,0.02900000,128.90500000,1502983436541,True,True
1128,4445.00000000,0.03320000,147.57400000,1502983441632,True,True
1129,4432.70000000,0.06600000,292.55820000,1502983442451,True,True
1130,4445.00000000,0.01273400,56.60263000,1502983500067,False,True
1131,4432.80000000,0.11300000,500.90640000,1502983516200,True,True
1132,4432.80000000,0.05211000,230.99320800,1502983517112,True,True
1133,4432.80000000,0.06089000,269.91319200,1502983527828,False,True
1134,4445.00000000,0.00368500,16.37982500,1502983527828,False,True
1135,4445.00000000,0.06338100,281.72854500,1502983527836,False,True
1136,4445.00000000,0.01804100,80.19224500,1502983527836,False,True
1137,4445.00000000,0.01255800,55.82031000,1502983527843,False,True
1138,4432.70000000,0.11500000,509.76050000,1502983537430,True,True
1139,4432.70000000,0.11300000,500.89510000,1502983538898,True,True
1140,4432.70000000,0.05100000,226.06770000,1502983539725,True,True
1141,4432.70000000,0.11300000,500.89510000,1502983541268,True,True
1142,4432.70000000,0.02200000,97.51940000,1502983542037,True,True
1143,4419.15000000,0.11300000,499.36395000,1502983543477,True,True
1144,4432.70000000,0.09100000,403.37570000,1502983543633,False,True
1145,4432.80000000,0.06663900,295.39735920,1502983543633,False,True
1146,4433.20000000,0.03236200,143.46721840,1502983544338,True,True
1147,4433.20000000,0.02163800,95.92558160,1502983545345,False,True
1148,4433.20000000,0.11400000,505.38480000,1502983560805,True,True
1149,4433.20000000,0.00875000,38.79050000,1502983574123,True,True
1150,4433.20000000,0.02400000,106.39680000,1502983575277,True,True
1151,4433.20000000,0.05600000,248.25920000,1502983628267,True,True
1152,4433.20000000,0.09400000,416.72080000,1502983629131,True,True
1153,4433.20000000,0.11400000,505.38480000,1502983630040,True,True
1154,4433.20000000,0.01800000,79.79760000,1502983630835,True,True
1155,4433.20000000,0.09100000,403.42120000,1502983647092,True,True
1156,4433.20000000,0.11500000,509.81800000,1502983647960,True,True
1157,4433.20000000,0.09700000,430.02040000,1502983650608,True,True
1158,4433.20000000,0.11400000,505.38480000,1502983651479,True,True
1159,4433.20000000,0.11400000,505.38480000,1502983652322,True,True
1160,4433.20000000,0.11400000,505.38480000,1502983653310,True,True
1161,4433.20000000,0.07461200,330.76991840,1502983654226,True,True
1162,4433.20000000,0.03938800,174.61488160,1502983654226,True,True
1163,4433.20000000,0.11061200,490.36511840,1502983655016,True,True
1164,4433.20000000,0.00338800,15.01968160,1502983655737,False,True
1165,4444.90000000,0.04937400,219.46249260,1502983655737,False,True
1166,4444.90000000,0.11573600,514.43494640,1502983655745,False,True
1167,4445.00000000,0.00619000,27.51455000,1502983655745,False,True
1168,4420.00000000,0.01000000,44.20000000,1502983692309,True,True
1169,4420.00000000,0.03400000,150.28000000,1502983693311,True,True
1170,4420.00000000,0.10500000,464.10000000,1502983694151,True,True
1171,4420.00000000,0.03600000,159.12000000,1502983694978,True,True
1172,4421.00000000,0.08400000,371.36400000,1502983700243,True,True
1173,4421.00000000,0.08200200,362.53084200,1502983701127,True,True
1174,4420.00000000,0.11400000,503.88000000,1502983701998,True,True
1175,4420.00000000,0.11400000,503.88000000,1502983702919,True,True
1176,4420.00000000,0.01129700,49.93274000,1502983703799,True,True
1177,4419.15000000,0.09000000,397.72350000,1502983704747,True,True
1178,4419.15000000,0.11400000,503.78310000,1502983705637,True,True
1179,4419.15000000,0.11400000,503.78310000,1502983716714,True,True
1180,4419.15000000,0.06700000,296.08305000,1502983717664,True,True
1181,4419.15000000,0.05500000,243.05325000,1502983718524,True,True
1182,4419.15000000,0.09700100,428.66196915,1502983721193,True,True
1183,4412.10000000,0.02600000,114.71460000,1502983722022,True,True
1184,4412.10000000,0.11400000,502.97940000,1502983722996,True,True
1185,4412.64000000,0.03700000,163.26768000,1502983723891,True,True
1186,4419.15000000,0.01699900,75.12113085,1502983726055,False,True
1187,4420.00000000,0.10270300,453.94726000,1502983726055,False,True
1188,4421.00000000,0.03199800,141.46315800,1502983726055,False,True
1189,4432.20000000,0.11400000,505.27080000,1502983727765,True,True
1190,4433.20000000,0.45531200,2018.48915840,1502983728062,False,True
1191,4432.20000000,0.11400000,505.27080000,1502983728595,True,True
1192,4432.20000000,0.11400000,505.27080000,1502983729472,True,True
1193,4432.20000000,0.01200000,53.18640000,1502983730333,True,True
1194,4432.20000000,0.11400000,505.27080000,1502983731335,True,True
1195,4432.20000000,0.06300000,279.22860000,1502983732128,True,True
1196,4432.20000000,0.11300000,500.83860000,1502983733049,True,True
1197,4432.20000000,0.11300000,500.83860000,1502983733909,True,True
1198,4432.20000000,0.11300000,500.83860000,1502983734776,True,True
1199,4432.20000000,0.03400000,150.69480000,1502983738073,True,True
1200,4433.20000000,0.37257900,1651.71722280,1502983782376,True,True
1201,4432.20000000,0.11400000,505.27080000,1502983793734,True,True
1202,4432.20000000,0.03400000,150.69480000,1502983794897,True,True
1203,4432.20000000,0.06800000,301.38960000,1502983800140,True,True
1204,4432.20000000,0.03830100,169.75769220,1502983800919,True,True
1205,4431.76000000,0.11400000,505.22064000,1502983801916,True,True
1206,4431.76000000,0.11400000,505.22064000,1502983802830,True,True
1207,4431.76000000,0.11400000,505.22064000,1502983803714,True,True
1208,4431.76000000,0.10600000,469.76656000,1502983804594,True,True
1209,4431.76000000,0.11400000,505.22064000,1502983805456,True,True
1210,4431.76000000,0.11400000,505.22064000,1502983806338,True,True
1211,4431.76000000,0.11400000,505.22064000,1502983807178,True,True
1212,4431.76000000,0.08200000,363.40432000,1502983808029,True,True
1213,4431.76000000,0.03700000,163.97512000,1502983821172,True,True
1214,4431.76000000,0.11400000,505.22064000,1502983822902,True,True
1215,4431.76000000,0.10400000,460.90304000,1502983823726,True,True
1216,4431.76000000,0.04500000,199.42920000,1502983824675,True,True
1217,4431.76000000,0.02800000,124.08928000,1502983825528,True,True
1218,4420.00000000,0.02600000,114.92000000,1502983826434,True,True
1219,4431.76000000,0.01600000,70.90816000,1502983828570,False,True
1220,4432.20000000,0.07569900,335.51310780,1502983828570,False,True
1221,4432.21000000,0.11400000,505.27194000,1502983829102,True,True
1222,4432.21000000,0.07000000,310.25470000,1502983830014,True,True
1223,4444.90000000,0.02734800,121.55912520,1502983848059,False,True
1224,4444.90000000,0.09594600,426.47037540,1502983853178,False,True
1225,4432.21000000,0.11300000,500.83973000,1502983865676,True,True
1226,4432.21000000,0.11300000,500.83973000,1502983866490,True,True
1227,4432.21000000,0.09300000,412.19553000,1502983867385,True,True
1228,4432.21000000,0.11300000,500.83973000,1502983869510,True,True
1229,4432.21000000,0.11100000,491.97531000,1502983870355,True,True
1230,4432.21000000,0.06500000,288.09365000,1502983871229,True,True
1231,4432.21000000,0.06630100,293.85995521,1502983872138,True,True
1232,4431.76000000,0.00702000,31.11095520,1502983872958,True,True
1233,4421.00000000,0.05100000,225.47100000,1502983946691,True,True
1234,4421.00000000,0.06900000,305.04900000,1502983959687,True,True
1235,4421.00000000,0.00396100,17.51158100,1502983960547,True,True
1236,4420.00000000,0.02427100,107.27782000,1502983961420,True,True
1237,4420.00000000,0.01314700,58.10974000,1502983968052,False,True
1238,4420.00000000,0.07558200,334.07244000,1502983981231,False,True
1239,4420.00000000,0.18887900,834.84518000,1502983981231,False,True
1240,4420.00000000,0.07558200,334.07244000,1502983981238,False,True
1241,4420.00000000,0.08347800,368.97276000,1502983981238,False,True
1242,4420.00000000,0.06038400,266.89728000,1502984004055,True,True
1243,4416.81000000,3.91091700,17273.77731477,1502984040062,False,True
1244,4421.00000000,0.10903900,482.06141900,1502984050539,False,True
1245,4421.00000000,0.51997300,2298.80063300,1502984050539,False,True
1246,4421.00000000,0.10903900,482.06141900,1502984050547,False,True
1247,4421.00000000,0.33904400,1498.91352400,1502984050547,False,True
1248,4421.00000000,0.10903900,482.06141900,1502984050554,False,True
1249,4421.00000000,0.17110000,756.43310000,1502984050554,False,True
1250,4411.00000000,0.11400000,502.85400000,1502984051303,True,True
1251,4411.00000000,0.08400000,370.52400000,1502984052258,True,True
1252,4411.00000000,0.11100000,489.62100000,1502984054377,True,True
1253,4411.00000000,0.11400000,502.85400000,1502984055270,True,True
1254,4411.00000000,0.11400000,502.85400000,1502984056085,True,True
1255,4411.00000000,0.11400000,502.85400000,1502984056969,True,True
1256,4411.00000000,0.11400000,502.85400000,1502984057848,True,True
1257,4411.00000000,0.11400000,502.85400000,1502984058662,True,True
1258,4411.00000000,0.07700000,339.64700000,1502984059523,True,True
1259,4411.00000000,0.11400000,502.85400000,1502984060329,True,True
1260,4411.00000000,0.11400000,502.85400000,1502984061154,True,True
1261,4411.00000000,0.11400000,502.85400000,1502984062004,True,True
1262,4411.00000000,0.09300000,410.22300000,1502984062857,True,True
1263,4411.00000000,0.09000000,396.99000000,1502984063733,True,True
1264,4411.00000000,0.03800000,167.61800000,1502984064557,True,True
1265,4411.00000000,0.02900000,127.91900000,1502984065458,True,True
1266,4411.00000000,0.11400000,502.85400000,1502984068620,True,True
1267,4411.00000000,0.11400000,502.85400000,1502984069528,True,True
1268,4411.00000000,0.11400000,502.85400000,1502984070383,True,True
1269,4411.00000000,0.11400000,502.85400000,1502984071301,True,True
1270,4411.00000000,0.11400000,502.85400000,1502984072152,True,True
1271,4411.00000000,0.11400000,502.85400000,1502984073039,True,True
1272,4411.00000000,0.11400000,502.85400000,1502984073864,True,True
1273,4411.00000000,0.11400000,502.85400000,1502984074765,True,True
1274,4411.00000000,0.07237500,319.24612500,1502984075630,True,True
1275,4399.64000000,0.11400000,501.55896000,1502984076492,True,True
1276,4399.64000000,0.02600100,114.39503964,1502984077603,True,True
1277,4399.64000000,0.08799900,387.16392036,1502984088064,False,True
1278,4411.00000000,0.04162500,183.60787500,1502984088064,False,True
1279,4421.00000000,0.49108100,2171.06910100,1502984088064,False,True
1280,4399.64000000,2.28704000,10062.15266560,1502984131349,False,True
1281,4382.95000000,0.11400000,499.65630000,1502984176612,True,True
1282,4382.95000000,0.11400000,499.65630000,1502984177437,True,True
1283,4382.95000000,0.11400000,499.65630000,1502984178302,True,True
1284,4382.95000000,0.11400000,499.65630000,1502984179174,True,True
1285,4382.95000000,0.11100000,486.50745000,1502984179980,True,True
1286,4382.95000000,0.11400000,499.65630000,1502984180916,True,True
1287,4382.95000000,0.11400000,499.65630000,1502984195944,True,True
1288,4382.95000000,0.11400000,499.65630000,1502984196904,True,True
1289,4382.95000000,0.06100000,267.35995000,1502984197711,True,True
1290,4382.95000000,0.11500000,504.03925000,1502984199779,True,True
1291,4382.95000000,0.06800000,298.04060000,1502984200605,True,True
1292,4382.95000000,0.07700000,337.48715000,1502984201456,True,True
1293,4376.49000000,0.04300000,188.18907000,1502984202327,True,True
1294,4382.95000000,0.03800000,166.55210000,1502984208055,False,True
1295,4399.64000000,1.44008100,6335.83797084,1502984208055,False,True
1296,4376.49000000,0.11500000,503.29635000,1502984211104,True,True
1297,4376.49000000,0.11500000,503.29635000,1502984211966,True,True
1298,4376.49000000,0.01000000,43.76490000,1502984212657,True,True
1299,4376.49000000,0.11500000,503.29635000,1502984212872,True,True
1300,4376.49000000,0.09200000,402.63708000,1502984213747,True,True
1301,4376.49000000,0.02300000,100.65927000,1502984215303,False,True
1302,4381.71000000,0.11500000,503.89665000,1502984215838,True,True
1303,4381.71000000,0.08000000,350.53680000,1502984216733,True,True
1304,4381.71000000,0.11500000,503.89665000,1502984221291,True,True
1305,4381.71000000,0.11500000,503.89665000,1502984222245,True,True
1306,4381.71000000,0.11500000,503.89665000,1502984223155,True,True
1307,4381.71000000,0.11500000,503.89665000,1502984224043,True,True
1308,4381.71000000,0.11500000,503.89665000,1502984224972,True,True
1309,4381.71000000,0.11500000,503.89665000,1502984225800,True,True
1310,4381.71000000,0.04300000,188.41353000,1502984226671,True,True
1311,4381.71000000,0.11500000,503.89665000,1502984227529,True,True
1312,4381.71000000,0.11500000,503.89665000,1502984228450,True,True
1313,4382.95000000,0.10600000,464.59270000,1502984229294,True,True
1314,4382.95000000,0.11400000,499.65630000,1502984239264,True,True
1315,4382.95000000,0.06979800,305.92114410,1502984240057,True,True
1316,4382.95000000,0.04520200,198.11810590,1502984240057,True,True
1317,4382.95000000,0.06800000,298.04060000,1502984240861,True,True
1318,4382.95000000,0.04230200,185.40755090,1502984241829,True,True
1319,4381.71000000,0.11500000,503.89665000,1502984242675,True,True
1320,4381.71000000,0.11500000,503.89665000,1502984243552,True,True
1321,4381.71000000,0.11500000,503.89665000,1502984244446,True,True
1322,4381.71000000,0.03900000,170.88669000,1502984245353,True,True
1323,4381.71000000,0.02900000,127.06959000,1502984246162,True,True
1324,4381.71000000,0.11500000,503.89665000,1502984247686,True,True
1325,4381.71000000,0.11100100,486.37419171,1502984248548,True,True
1326,4374.04000000,0.11500000,503.01460000,1502984251271,True,True
1327,4381.71000000,0.00399900,17.52245829,1502984257648,False,True
1328,4382.95000000,0.07269800,318.63169910,1502984257648,False,True
1329,4382.95000000,0.11400000,499.65630000,1502984271178,True,True
1330,4382.95000000,0.01016300,44.54392085,1502984281857,True,True
1331,4374.04000000,0.11400000,498.64056000,1502984349941,True,True
1332,4374.04000000,0.04300000,188.08372000,1502984350776,True,True
1333,4374.04000000,0.11500000,503.01460000,1502984353446,True,True
1334,4374.04000000,0.11500000,503.01460000,1502984354236,True,True
1335,4374.04000000,0.11500000,503.01460000,1502984355077,True,True
1336,4374.04000000,0.11500000,503.01460000,1502984355909,True,True
1337,4374.04000000,0.11500000,503.01460000,1502984356862,True,True
1338,4374.04000000,0.11500000,503.01460000,1502984357672,True,True
1339,4374.04000000,0.11500000,503.01460000,1502984358574,True,True
1340,4374.04000000,0.01300100,56.86689404,1502984359411,True,True
1341,4374.04000000,0.10199900,446.14770596,1502984362054,False,True
1342,4382.95000000,0.01583700,69.41277915,1502984362054,False,True
1343,4382.95000000,0.02110300,92.49339385,1502984362662,True,True
1344,4377.54000000,0.05800000,253.89732000,1502984363541,True,True
1345,4377.54000000,0.10500000,459.64170000,1502984368695,True,True
1346,4377.54000000,0.06700100,293.29955754,1502984375693,True,True
1347,4377.54000000,0.04799900,210.11754246,1502984376168,False,True
1348,4377.54000000,0.11500000,503.41710000,1502984395894,True,True
1349,4377.54000000,0.05700000,249.51978000,1502984403507,True,True
1350,4377.54000000,0.05500000,240.76470000,1502984416684,True,True
1351,4377.54000000,0.11500000,503.41710000,1502984417606,True,True
1352,4377.54000000,0.00507300,22.20726042,1502984420063,True,True
1353,4382.95000000,0.07221800,316.52788310,1502984460069,False,True
1354,4377.54000000,0.11500000,503.41710000,1502984468250,True,True
1355,4382.95000000,0.02167900,95.01797305,1502984468593,False,True
1356,4382.95000000,0.11500000,504.03925000,1502984469164,True,True
1357,4382.95000000,0.09500000,416.38025000,1502984470033,True,True
1358,4382.95000000,0.10912800,478.30256760,1502984489905,True,True
1359,4382.95000000,0.00587200,25.73668240,1502984489905,True,True
1360,4382.95000000,0.11500000,504.03925000,1502984490714,True,True
1361,4382.95000000,0.04978900,218.22269755,1502984491670,True,True
1362,4377.54000000,0.11500000,503.41710000,1502984492487,True,True
1363,4377.54000000,0.11500000,503.41710000,1502984493323,True,True
1364,4377.54000000,0.11500000,503.41710000,1502984494902,True,True
1365,4377.54000000,0.11500000,503.41710000,1502984495712,True,True
1366,4377.54000000,0.10300000,450.88662000,1502984496657,True,True
1367,4382.95000000,0.06521100,285.81655245,1502984523734,False,True
1368,4382.95000000,0.31510400,1381.08507680,1502984532037,True,True
1369,4382.95000000,0.61647600,2701.98348420,1502984532037,True,True
1370,4382.95000000,0.18000000,788.93100000,1502984569605,False,True
1371,4382.95000000,0.83178800,3645.68521460,1502984572770,False,True
1372,4396.47000000,0.10583200,465.28721304,1502984649827,True,True
1373,4425.83000000,0.40820600,1806.65036098,1502984656959,False,True
1374,4425.83000000,0.09020400,399.22756932,1502984656967,False,True
1375,4396.47000000,0.02200000,96.72234000,1502984659564,True,True
1376,4396.47000000,0.08038100,353.39265507,1502984696704,True,True
1377,4392.95000000,0.11400000,500.79630000,1502984759448,True,True
1378,4392.95000000,0.11400000,500.79630000,1502984760321,True,True
1379,4392.95000000,0.01300000,57.10835000,1502984761177,True,True
1380,4392.95000000,0.11400000,500.79630000,1502984775066,True,True
1381,4392.95000000,0.00500000,21.96475000,1502984775972,True,True
1382,4392.95000000,0.09686500,425.52310175,1502984780587,False,True
1383,4392.95000000,0.01213500,53.30844825,1502984780596,False,True
1384,4396.47000000,0.03361900,147.80492493,1502984780596,False,True
1385,4396.47000000,0.09686500,425.86406655,1502984780596,False,True
1386,4396.47000000,0.33719300,1482.45890871,1502984780596,False,True
1387,4396.47000000,0.14261900,627.02015493,1502984780604,False,True
1388,4396.47000000,0.53891500,2369.32363005,1502984780604,False,True
1389,4392.95000000,0.03757800,165.07827510,1502984808056,False,True
1390,4392.95000000,0.52482000,2305.50801900,1502984808063,False,True
1391,4392.95000000,0.27606300,1212.73095585,1502984827708,True,True
1392,4392.95000000,0.27072800,1189.29456760,1502984827726,True,True
1393,4392.95000000,0.26987800,1185.56056010,1502984827733,True,True
1394,4425.83000000,0.18909600,836.90674968,1502984845852,False,True
1395,4425.83000000,0.16262800,719.76388124,1502984845858,False,True
1396,4425.83000000,0.38272600,1693.88021258,1502984878728,False,True
1397,4401.68000000,3.91140200,17216.73995536,1502984880058,False,True
1398,4425.83000000,0.55339400,2449.22776702,1502984928060,False,True
1399,4425.83000000,0.00374700,16.58358501,1502984928067,False,True
1400,4425.83000000,0.53399700,2363.37994251,1502984928067,False,True
1401,4425.83000000,0.01939700,85.84782451,1502984928073,False,True
1402,4425.83000000,0.30815400,1363.83721782,1502984928073,False,True
1403,4423.63000000,0.37945500,1678.56852165,1502984995939,False,True
1404,4423.63000000,0.26198600,1158.92912918,1502984995946,False,True
1405,4423.63000000,0.32178900,1423.47547407,1502985005922,False,True
1406,4423.63000000,0.08677100,383.84279873,1502985095413,False,True
1407,4423.63000000,0.04063100,179.73651053,1502985095413,False,True
1408,4412.38000000,0.13514700,596.31991986,1502985168064,False,True
1409,4412.38000000,0.06335100,279.52868538,1502985168072,False,True
1410,4412.38000000,0.55938000,2468.19712440,1502985168079,False,True
1411,4412.38000000,0.17212300,759.47208274,1502985202626,False,True
1412,4412.38000000,0.18551600,818.56708808,1502985202626,False,True
1413,4412.38000000,0.17212300,759.47208274,1502985202635,False,True
1414,4412.38000000,0.18546400,818.33764432,1502985202635,False,True
1415,4412.38000000,0.11400000,503.01132000,1502985211227,True,True
1416,4412.38000000,0.48000000,2117.94240000,1502985211278,True,True
1417,4412.38000000,0.02600000,114.72188000,1502985212024,True,True
1418,4412.38000000,0.07700000,339.75326000,1502985212813,True,True
1419,4412.38000000,0.06707300,295.95156374,1502985213675,True,True
1420,4377.54000000,0.11500000,503.41710000,1502985234833,True,True
1421,4377.54000000,0.11500000,503.41710000,1502985235678,True,True
1422,4377.54000000,0.05692900,249.20897466,1502985245872,True,True
1423,4371.45000000,0.09200000,402.17340000,1502985251150,True,True
1424,4377.54000000,0.04107100,179.78994534,1502985261437,False,True
1425,4410.35000000,0.13082300,576.97521805,1502985261437,False,True
1426,4410.35000000,0.03718600,164.00327510,1502985261445,False,True
1427,4410.35000000,0.10177600,448.86778160,1502985261452,False,True
1428,4371.45000000,0.11500000,502.71675000,1502985284019,True,True
1429,4371.45000000,0.03300000,144.25785000,1502985284905,True,True
1430,4377.54000000,0.14509600,635.16354384,1502985324054,False,True
1431,4377.54000000,0.22763800,996.49445052,1502985324062,False,True
1432,4371.52000000,0.20000100,874.30837152,1502985369573,False,True
1433,4377.54000000,0.11571000,506.52515340,1502985369573,False,True
1434,4352.34000000,0.16998300,739.82381022,1502985504063,False,True
1435,4333.42000000,3.94672900,17102.83438318,1502985540068,False,True
1436,4352.34000000,1.41001800,6136.87774212,1502985571805,False,True
1437,4352.34000000,0.81252700,3536.39376318,1502985571805,False,True
1438,4352.34000000,0.11500000,500.51910000,1502985586875,False,True
1439,4352.34000000,0.11500000,500.51910000,1502985587774,False,True
1440,4352.33000000,0.74646500,3248.86201345,1502985708060,False,True
1441,4352.33000000,0.25353500,1103.46798655,1502985708068,False,True
1442,4352.34000000,0.51646500,2247.83127810,1502985708068,False,True
1443,4352.34000000,0.08598300,374.22725022,1502985708068,False,True
1444,4352.35000000,0.01002100,43.61489935,1502985719202,False,True
1445,4352.33000000,0.10802400,470.15609592,1502985730334,True,True
1446,4352.33000000,0.00697600,30.36185408,1502985730334,True,True
1447,4352.33000000,0.01779300,77.44100769,1502985732208,True,True
1448,4314.50000000,0.11600000,500.48200000,1502985740366,True,True
1449,4314.50000000,0.09500000,409.87750000,1502985741162,True,True
1450,4320.00000000,0.11600000,501.12000000,1502985748283,True,True
1451,4320.00000000,0.11600000,501.12000000,1502985765489,True,True
1452,4320.00000000,0.06000000,259.20000000,1502985766314,True,True
1453,4320.00000000,0.07700000,332.64000000,1502985781833,True,True
1454,4352.33000000,0.09720700,423.07694231,1502985804055,False,True
1455,4352.33000000,0.65483100,2850.04060623,1502985804055,False,True
1456,4352.33000000,0.09720700,423.07694231,1502985804063,False,True
1457,4352.33000000,0.68121600,2964.87683328,1502985804063,False,True
1458,4320.00000000,0.03800000,164.16000000,1502985810971,True,True
1459,4320.00000000,0.01500000,64.80000000,1502985811890,True,True
1460,4352.33000000,0.11600000,504.87028000,1502985812830,True,True
1461,4352.33000000,0.07700000,335.12941000,1502985813655,True,True
1462,4352.33000000,0.11600000,504.87028000,1502985814500,True,True
1463,4352.33000000,0.02000000,87.04660000,1502985815424,True,True
1464,4352.33000000,0.04550400,198.04842432,1502985816344,True,True
1465,4352.33000000,0.32900000,1431.91657000,1502985816344,True,True
1466,4352.33000000,0.04261600,185.47889528,1502985816352,True,True
1467,4320.00000000,0.15100000,652.32000000,1502985835518,True,True
1468,4320.00000000,0.07283400,314.64288000,1502985835963,True,True
1469,4314.50000000,0.10500000,453.02250000,1502985836934,True,True
1470,4320.00000000,0.04316600,186.47712000,1502985840071,False,True
1471,4352.35000000,0.16997900,739.80810065,1502985840071,False,True
1472,4352.35000000,0.09333500,406.22658725,1502985840071,False,True
1473,4352.35000000,0.21314500,927.68164075,1502985840079,False,True
1474,4352.35000000,0.26734700,1163.58771545,1502985840079,False,True
1475,4325.00000000,0.08000000,346.00000000,1502985847732,True,True
1476,4325.00000000,0.01900000,82.17500000,1502985848937,True,True
1477,4325.00000000,0.18858200,815.61715000,1502985851924,True,True
1478,4325.00000000,0.11600000,501.70000000,1502985889213,True,True
1479,4325.00000000,0.07400000,320.05000000,1502985890058,True,True
1480,4325.00000000,0.11600000,501.70000000,1502985903955,True,True
1481,4325.00000000,0.11600000,501.70000000,1502985904826,True,True
1482,4325.00000000,0.05000000,216.25000000,1502985905642,True,True
1483,4325.00000000,0.11600000,501.70000000,1502985906596,True,True
1484,4325.00000000,0.11600000,501.70000000,1502985907428,True,True
1485,4325.00000000,0.00841800,36.40785000,1502985908317,True,True
1486,4314.50000000,0.11600000,500.48200000,1502985909288,True,True
1487,4314.50000000,0.06100000,263.18450000,1502985910200,True,True
1488,4314.50000000,0.01600000,69.03200000,1502985911197,True,True
1489,4314.50000000,0.11700000,504.79650000,1502985912080,True,True
1490,4325.00000000,0.10510400,454.57480000,1502985912546,False,True
1491,4325.00000000,0.00247800,10.71735000,1502985912553,False,True
1492,4354.35000000,0.19328500,841.63053975,1502985912553,False,True
1493,4354.35000000,0.72671600,3164.37581460,1502985912560,False,True
1494,4354.35000000,0.08700000,378.82845000,1502985912922,True,True
1495,4354.35000000,0.03757600,163.61905560,1502985916592,True,True
1496,4322.61000000,3.93123500,16993.19572335,1502985960063,False,True
1497,4305.38000000,0.11400000,490.81332000,1502985975603,True,True
1498,4305.38000000,0.07600000,327.20888000,1502985978992,True,True
1499,4305.38000000,0.07700000,331.51426000,1502985979882,True,True
1500,4305.38000000,0.11800000,508.03484000,1502985987364,True,True
1501,4305.38000000,0.11800000,508.03484000,1502985988273,True,True
1502,4305.38000000,0.11800000,508.03484000,1502985989086,True,True
1503,4305.38000000,0.06600000,284.15508000,1502985989949,True,True
1504,4305.38000000,0.10900000,469.28642000,1502985990906,True,True
1505,4305.38000000,0.11800000,508.03484000,1502985991734,True,True
1506,4305.38000000,0.11800000,508.03484000,1502985992559,True,True
1507,4305.38000000,0.11800000,508.03484000,1502985993424,True,True
1508,4305.38000000,0.10800000,464.98104000,1502985994269,True,True
1509,4305.38000000,0.00639000,27.51137820,1502985994269,True,True
1510,4302.10000000,0.09300000,400.09530000,1502985995097,True,True
1511,4302.10000000,0.06700000,288.24070000,1502985995899,True,True
1512,4305.38000000,0.00361000,15.54242180,1502986021944,False,True
1513,4317.21000000,0.24208800,1045.14473448,1502986021944,False,True
1514,4317.21000000,0.62791200,2710.82796552,1502986021953,False,True
1515,4339.85000000,0.37013200,1606.31736020,1502986021953,False,True
1516,4305.38000000,0.00634000,27.29610920,1502986064380,False,True
1517,4302.10000000,0.11300000,486.13730000,1502986065431,True,True
1518,4302.10000000,0.08300000,357.07430000,1502986066265,True,True
1519,4302.10000000,0.03800000,163.47980000,1502986067089,True,True
1520,4302.10000000,0.11700000,503.34570000,1502986067925,True,True
1521,4302.10000000,0.01000000,43.02100000,1502986068763,True,True
1522,4302.10000000,0.11700000,503.34570000,1502986068845,True,True
1523,4302.10000000,0.11700000,503.34570000,1502986069721,True,True
1524,4302.10000000,0.04200000,180.68820000,1502986070656,True,True
1525,4302.10000000,0.07300000,314.05330000,1502986071507,True,True
1526,4302.01000000,0.11700000,503.33517000,1502986072364,True,True
1527,4302.01000000,0.11700000,503.33517000,1502986073367,True,True
1528,4302.01000000,0.07400000,318.34874000,1502986074215,True,True
1529,4302.01000000,0.11700000,503.33517000,1502986075098,True,True
1530,4302.01000000,0.02600000,111.85226000,1502986076036,True,True
1531,4302.01000000,0.11700000,503.33517000,1502986076940,True,True
1532,4302.01000000,0.32200000,1385.24722000,1502986078467,True,True
1533,4300.00000000,1.04800100,4506.40430000,1502986078467,True,True
1534,4302.10000000,0.04400000,189.29240000,1502986080074,False,True
1535,4305.38000000,1.29969400,5595.67655372,1502986080074,False,True
1536,4300.00000000,0.95199900,4093.59570000,1502986080666,True,True
1537,4261.32000000,0.04300000,183.23676000,1502986099252,True,True
1538,4293.61000000,0.02800100,120.22537361,1502986113423,False,True
1539,4302.10000000,1.09524500,4711.85351450,1502986113423,False,True
1540,4302.10000000,0.02800100,120.46310210,1502986113430,False,True
1541,4302.10000000,1.49610600,6436.39762260,1502986113430,False,True
1542,4302.10000000,0.02800100,120.46310210,1502986113437,False,True
1543,4302.10000000,1.01997200,4388.02154120,1502986113437,False,True
1544,4261.32000000,0.11800000,502.83576000,1502986131519,True,True
1545,4261.32000000,0.07500000,319.59900000,1502986132295,True,True
1546,4255.30000000,0.10300000,438.29590000,1502986185999,True,True
1547,4292.11000000,0.95160900,4084.41050499,1502986188067,False,True
1548,4292.11000000,0.14839200,636.91478712,1502986188074,False,True
1549,4293.61000000,0.79058000,3394.44219380,1502986188074,False,True
1550,4261.89000000,0.06400000,272.76096000,1502986210723,True,True
1551,4261.89000000,0.11800000,502.90302000,1502986213450,True,True
1552,4261.89000000,0.11800000,502.90302000,1502986214282,True,True
1553,4261.89000000,0.11800000,502.90302000,1502986215120,True,True
1554,4261.89000000,0.11800000,502.90302000,1502986216023,True,True
1555,4261.89000000,0.08000000,340.95120000,1502986216884,True,True
1556,4261.89000000,0.11800000,502.90302000,1502986217785,True,True
1557,4261.89000000,0.11800000,502.90302000,1502986218689,True,True
1558,4261.89000000,0.11800000,502.90302000,1502986219487,True,True
1559,4261.89000000,0.11800000,502.90302000,1502986220406,True,True
1560,4261.89000000,0.11800000,502.90302000,1502986221189,True,True
1561,4280.81000000,0.01500000,64.21215000,1502986222088,True,True
1562,4280.81000000,0.11800000,505.13558000,1502986222877,True,True
1563,4280.81000000,0.09400000,402.39614000,1502986223728,True,True
1564,4280.81000000,0.11800000,505.13558000,1502986224587,True,True
1565,4261.89000000,0.11800000,502.90302000,1502986225516,True,True
1566,4261.89000000,0.08200000,349.47498000,1502986226376,True,True
1567,4261.89000000,0.09400000,400.61766000,1502986227295,True,True
1568,4261.89000000,0.11800000,502.90302000,1502986228095,True,True
1569,4284.90000000,0.11800000,505.61820000,1502986228943,True,True
1570,4284.90000000,0.11800000,505.61820000,1502986229827,True,True
1571,4261.89000000,0.11800000,502.90302000,1502986231526,True,True
1572,4261.89000000,0.11800000,502.90302000,1502986232409,True,True
1573,4261.89000000,0.00600100,25.57560189,1502986233824,True,True
1574,4255.30000000,0.11800000,502.12540000,1502986234701,True,True
1575,4255.30000000,0.11800000,502.12540000,1502986235541,True,True
1576,4255.30000000,0.11800000,502.12540000,1502986236385,True,True
1577,4261.89000000,0.11199900,477.32741811,1502986236613,False,True
1578,4284.90000000,0.11800000,505.61820000,1502986236621,False,True
1579,4287.78000000,0.11800000,505.95804000,1502986237228,True,True
1580,4287.78000000,0.11800000,505.95804000,1502986238102,True,True
1581,4287.78000000,0.11800000,505.95804000,1502986238949,True,True
1582,4287.78000000,0.11800000,505.95804000,1502986239892,True,True
1583,4287.78000000,0.01000000,42.87780000,1502986240676,True,True
1584,4287.78000000,0.10000000,428.77800000,1502986240803,True,True
1585,4268.09000000,0.11800000,503.63462000,1502986241664,True,True
1586,4268.09000000,0.07300000,311.57057000,1502986242592,True,True
1587,4287.78000000,0.01800000,77.18004000,1502986243799,False,True
1588,4287.78000000,0.11800000,505.95804000,1502986244100,True,True
1589,4287.78000000,0.05100000,218.67678000,1502986244924,True,True
1590,4287.78000000,0.02900000,124.34562000,1502986245880,True,True
1591,4287.78000000,0.11800000,505.95804000,1502986246745,True,True
1592,4287.78000000,0.04600100,197.24216778,1502986247670,True,True
1593,4287.78000000,0.00899900,38.58573222,1502986248591,False,True
1594,4292.11000000,0.28704200,1232.01583862,1502986248591,False,True
1595,4292.11000000,0.00899900,38.62469789,1502986248598,False,True
1596,4292.11000000,0.21728500,932.61112135,1502986248598,False,True
1597,4291.77000000,0.06000000,257.50620000,1502986250602,True,True
1598,4291.77000000,0.03900000,167.37903000,1502986260790,True,True
1599,4291.77000000,0.15100000,648.05727000,1502986284061,True,True
1600,4287.78000000,0.62633600,2685.59097408,1502986284061,True,True
1601,4339.85000000,0.63986900,2776.93547965,1502986310601,False,True
1602,4339.85000000,0.03900000,169.25415000,1502986310975,True,True
1603,4339.85000000,0.07249700,314.62610545,1502986311270,True,True
1604,4339.85000000,0.05554600,241.06130810,1502986311270,True,True
1605,4339.85000000,0.39843200,1729.13511520,1502986311270,True,True
1606,4290.75000000,0.08900000,381.87675000,1502986311784,True,True
1607,4290.75000000,0.11000000,471.98250000,1502986313815,True,True
1608,4290.75000000,0.04000000,171.63000000,1502986314704,True,True
1609,4290.75000000,0.11800000,506.30850000,1502986315692,True,True
1610,4290.75000000,0.03000000,128.72250000,1502986316491,True,True
1611,4290.75000000,0.08900000,381.87675000,1502986317274,True,True
1612,4290.75000000,0.03264200,140.05866150,1502986317774,True,True
1613,4290.75000000,0.09400000,403.33050000,1502986318175,True,True
1614,4290.75000000,0.01900000,81.52425000,1502986319094,True,True
1615,4290.75000000,0.11800000,506.30850000,1502986319909,True,True
1616,4290.75000000,0.11800000,506.30850000,1502986320829,True,True
1617,4290.75000000,0.11800000,506.30850000,1502986321634,True,True
1618,4290.75000000,0.04300000,184.50225000,1502986322461,True,True
1619,4290.75000000,0.03700000,158.75775000,1502986323366,True,True
1620,4290.75000000,0.04700000,201.66525000,1502986471605,True,True
1621,4307.17000000,0.09195900,396.08304603,1502986488073,False,True
1622,4307.17000000,0.10883000,468.74931110,1502986488081,False,True
1623,4290.75000000,0.11700000,502.01775000,1502986489184,True,True
1624,4290.75000000,0.11700000,502.01775000,1502986490049,True,True
1625,4307.17000000,0.15100000,650.38267000,1502986493820,False,True
1626,4307.17000000,0.00044800,1.92961216,1502986517041,False,True
1627,4307.17000000,0.27776400,1196.37676788,1502986525444,False,True
1628,4307.17000000,0.09172500,395.07516825,1502986525444,False,True
1629,4290.75000000,1.34000000,5749.60500000,1502986530026,True,True
1630,4290.75000000,0.05100000,218.82825000,1502986531740,True,True
1631,4290.75000000,0.26198900,1124.12930175,1502986538602,True,True
1632,4297.76000000,3.94126700,16938.61966192,1502986560062,False,True
1633,4290.75000000,0.07500000,321.80625000,1502986561323,True,True
1634,4290.75000000,0.62000000,2660.26500000,1502986566485,True,True
1635,4304.78000000,0.14000100,602.67350478,1502986566544,False,True
1636,4304.78000000,0.11700000,503.65926000,1502986567130,True,True
1637,4304.78000000,0.08692800,374.20591584,1502986568004,True,True
1638,4290.75000000,0.69000000,2960.61750000,1502986581693,True,True
1639,4290.75000000,0.96000000,4119.12000000,1502986584082,True,True
1640,4290.75000000,0.06640700,284.93583525,1502986588644,True,True
1641,4272.03000000,0.15481600,661.37859648,1502986668058,False,True
1642,4272.03000000,0.17933200,766.11168396,1502986668066,False,True
1643,4272.03000000,0.52138900,2227.38944967,1502986668074,False,True
1644,4272.03000000,0.08600000,367.39458000,1502986672926,False,True
1645,4272.03000000,0.03800000,162.33714000,1502986674032,False,True
1646,4294.08000000,0.01003700,43.09968096,1502986674756,False,True
1647,4272.03000000,0.34257600,1463.49494928,1502986691731,True,True
1648,4294.08000000,0.18334800,787.31097984,1502986728058,False,True
1649,4294.08000000,0.31942000,1371.61503360,1502986733942,False,True
1650,4294.08000000,0.38290900,1644.24187872,1502986733949,False,True
1651,4294.08000000,0.14169800,608.46254784,1502986747236,False,True
1652,4294.08000000,0.03568100,153.21706848,1502986747244,False,True
1653,4294.08000000,0.11233900,482.39265312,1502986848817,False,True
1654,4294.08000000,0.03261600,140.05571328,1502986895312,False,True
1655,4280.61000000,0.11800000,505.11198000,1502986915504,True,True
1656,4280.61000000,0.08200100,351.01430061,1502986916418,True,True
1657,4265.87000000,0.11800000,503.37266000,1502986917237,True,True
1658,4265.87000000,0.11800000,503.37266000,1502986918166,True,True
1659,4280.61000000,0.03599900,154.09767939,1502986918753,False,True
1660,4284.72000000,0.11800000,505.59696000,1502986919025,True,True
1661,4284.72000000,0.11700000,501.31224000,1502986919897,True,True
1662,4284.72000000,0.11700000,501.31224000,1502986920849,True,True
1663,4284.72000000,0.11700000,501.31224000,1502986921723,True,True
1664,4284.72000000,0.11700000,501.31224000,1502986922689,True,True
1665,4284.72000000,0.11700000,501.31224000,1502986923639,True,True
1666,4284.72000000,0.07800000,334.20816000,1502986924473,True,True
1667,4294.08000000,0.03122100,134.06547168,1502986944053,False,True
1668,4294.08000000,0.09732800,417.93421824,1502986944053,False,True
1669,4294.08000000,0.03122100,134.06547168,1502986944061,False,True
1670,4294.08000000,0.01573000,67.54587840,1502986944061,False,True
1671,4294.08000000,0.01828700,78.52584096,1502986958183,True,True
1672,4294.08000000,0.20129100,864.35965728,1502986958190,True,True
1673,4284.72000000,0.11700000,501.31224000,1502986978354,True,True
1674,4284.72000000,0.06300000,269.93736000,1502986979204,True,True
1675,4284.72000000,0.11700000,501.31224000,1502986980069,True,True
1676,4284.72000000,0.11700000,501.31224000,1502986980916,True,True
1677,4284.72000000,0.11700000,501.31224000,1502986989170,True,True
1678,4284.72000000,0.03200100,137.11532472,1502986990025,True,True
1679,4284.72000000,0.00999900,42.84291528,1502986990460,False,True
1680,4304.78000000,0.01407200,60.57686416,1502987028057,False,True
1681,4304.78000000,0.01232900,53.07363262,1502987028057,False,True
1682,4304.78000000,0.01407200,60.57686416,1502987028065,False,True
1683,4304.78000000,0.12023600,517.58952808,1502987028065,False,True
1684,4304.78000000,0.01407200,60.57686416,1502987028071,False,True
1685,4304.78000000,0.11769800,506.66399644,1502987028071,False,True
1686,4307.43000000,0.10577300,455.60979339,1502987050833,True,True
1687,4307.43000000,0.37499900,1615.28194257,1502987050840,True,True
1688,4307.43000000,0.11700000,503.96931000,1502987070571,True,True
1689,4307.43000000,0.10500000,452.28015000,1502987071373,True,True
1690,4307.43000000,0.00765900,32.99060637,1502987083739,True,True
1691,4307.43000000,0.11700000,503.96931000,1502987084650,True,True
1692,4307.43000000,0.08500000,366.13155000,1502987085502,True,True
1693,4307.43000000,0.11700000,503.96931000,1502987086283,True,True
1694,4307.43000000,0.11700000,503.96931000,1502987087179,True,True
1695,4336.69000000,0.10510700,455.81647583,1502987088062,False,True
1696,4336.69000000,0.04943600,214.38860684,1502987088070,False,True
1697,4307.43000000,0.11700000,503.96931000,1502987088080,True,True
1698,4307.43000000,0.11700000,503.96931000,1502987088981,True,True
1699,4307.43000000,0.11700000,503.96931000,1502987089855,True,True
1700,4307.43000000,0.01257000,54.14439510,1502987090792,True,True
1701,4294.08000000,0.11700000,502.40736000,1502987091643,True,True
1702,4307.43000000,0.10443000,449.82491490,1502987092105,False,True
1703,4307.43000000,0.02000000,86.14860000,1502987092512,True,True
1704,4307.43000000,0.02800000,120.60804000,1502987096622,True,True
1705,4307.43000000,0.02000000,86.14860000,1502987149283,True,True
1706,4307.43000000,0.02900000,124.91547000,1502987190933,True,True
1707,4307.43000000,0.11700000,503.96931000,1502987191918,True,True
1708,4307.43000000,0.11700000,503.96931000,1502987193056,True,True
1709,4307.43000000,0.11700000,503.96931000,1502987194266,True,True
1710,4307.43000000,0.11700000,503.96931000,1502987201745,True,True
1711,4307.43000000,0.01700000,73.22631000,1502987205092,True,True
1712,4336.69000000,0.21096100,914.87245909,1502987206720,False,True
1713,4336.69000000,0.19887700,862.46789713,1502987206727,False,True
1714,4307.43000000,0.05400000,232.60122000,1502987214408,True,True
1715,4336.69000000,0.39237900,1701.62608551,1502987268053,False,True
1716,4336.69000000,0.16324100,707.92561229,1502987268060,False,True
1717,4336.69000000,0.16878200,731.95521158,1502987268060,False,True
1718,4336.69000000,0.00905400,39.26439126,1502987268067,False,True
1719,4323.05000000,0.11000100,475.53982305,1502987298466,False,True
1720,4336.69000000,0.14349400,622.28899486,1502987298466,False,True
1721,4323.05000000,0.08844800,382.36512640,1502987306437,False,True
1722,4323.05000000,0.05150900,222.67598245,1502987306444,False,True
1723,4294.08000000,0.05657000,242.91610560,1502987315294,True,True
1724,4290.17000000,0.01300000,55.77221000,1502987316661,True,True
1725,4290.17000000,0.11700000,501.94989000,1502987317587,True,True
1726,4290.17000000,0.11700000,501.94989000,1502987318757,True,True
1727,4290.17000000,0.11700000,501.94989000,1502987323379,True,True
1728,4290.17000000,0.01800000,77.22306000,1502987324587,True,True
1729,4290.17000000,0.11700000,501.94989000,1502987325794,True,True
1730,4290.17000000,0.11700000,501.94989000,1502987335882,True,True
1731,4290.17000000,0.11700000,501.94989000,1502987336918,True,True
1732,4290.17000000,0.03900000,167.31663000,1502987338001,True,True
1733,4290.17000000,0.11700000,501.94989000,1502987346640,True,True
1734,4294.08000000,0.04050900,173.94888672,1502987374741,False,True
1735,4294.08000000,0.01992100,85.54236768,1502987374749,False,True
1736,4294.08000000,0.02527500,108.53287200,1502987387931,True,True
1737,4294.08000000,0.05215300,223.94915424,1502987387931,True,True
1738,4290.17000000,0.11700000,501.94989000,1502987388767,True,True
1739,4290.17000000,0.02500000,107.25425000,1502987402037,True,True
1740,4290.17000000,0.11700000,501.94989000,1502987402924,True,True
1741,4290.17000000,0.11700000,501.94989000,1502987403706,True,True
1742,4290.17000000,0.11700000,501.94989000,1502987404599,True,True
1743,4290.17000000,0.11700000,501.94989000,1502987405448,True,True
1744,4290.17000000,0.01300000,55.77221000,1502987406369,True,True
1745,4290.17000000,0.03211700,137.78738989,1502987449487,True,True
1746,4294.08000000,0.03957200,169.92533376,1502987460076,False,True
1747,4294.08000000,0.04816800,206.83724544,1502987460076,False,True
1748,4294.08000000,0.01479700,63.53950176,1502987460085,False,True
1749,4290.17000000,0.11600000,497.65972000,1502987487577,True,True
1750,4294.08000000,0.09108800,391.13915904,1502987494679,False,True
1751,4294.08000000,0.49946300,2144.73407904,1502987494679,False,True
1752,4312.68000000,0.11600000,500.27088000,1502987495131,True,True
1753,4312.68000000,0.02700000,116.44236000,1502987495923,True,True
1754,4312.68000000,0.10000000,431.26800000,1502987496795,True,True
1755,4312.68000000,0.11600000,500.27088000,1502987510527,True,True
1756,4312.68000000,0.11600000,500.27088000,1502987511442,True,True
1757,4312.68000000,0.11600000,500.27088000,1502987512687,True,True
1758,4312.68000000,0.11500000,495.95820000,1502987513541,True,True
1759,4337.29000000,0.00201200,8.72662748,1502987513644,False,True
1760,4337.29000000,0.11916600,516.85750014,1502987513651,False,True
1761,4337.29000000,0.02308400,100.12200236,1502987513658,False,True
1762,4337.29000000,0.09788800,424.56864352,1502987563775,False,True
1763,4337.29000000,0.03251300,141.01830977,1502987748055,False,True
1764,4337.29000000,0.04200900,182.20521561,1502987748063,False,True
1765,4337.29000000,0.01659700,71.98600213,1502987748070,False,True
1766,4337.29000000,0.02224200,96.47000418,1502987779623,False,True
1767,4337.29000000,0.08034500,348.47956505,1502987797169,True,True
1768,4337.29000000,0.03465500,150.30878495,1502987865995,False,True
1769,4337.29000000,0.01295000,56.16790550,1502987865995,False,True
1770,4337.29000000,0.03465500,150.30878495,1502987866003,False,True
1771,4337.29000000,0.25967400,1126.28144346,1502987866003,False,True
1772,4337.29000000,0.03465500,150.30878495,1502987866010,False,True
1773,4337.29000000,0.23026200,998.71306998,1502987866010,False,True
1774,4322.23000000,0.16301400,704.58400122,1502987928063,False,True
1775,4322.23000000,0.05014800,216.75119004,1502987928071,False,True
1776,4322.23000000,0.19837800,857.43534294,1502987928077,False,True
1777,4322.23000000,0.11600000,501.37868000,1502987961407,False,True
1778,4320.29000000,0.14220000,614.34523800,1502988006903,False,True
1779,4320.29000000,0.09696800,418.92988072,1502988018572,False,True
1780,4320.29000000,0.04841700,209.17548093,1502988018580,False,True
1781,4302.54000000,3.94688100,16981.61337774,1502988060064,False,True
1782,4300.29000000,0.00565500,24.31813995,1502988157933,False,True
1783,4300.29000000,0.11927000,512.89558830,1502988165786,False,True
1784,4300.29000000,0.03887300,167.16517317,1502988165793,False,True
1785,4300.29000000,0.02641300,113.58355977,1502988215304,False,True
1786,4300.29000000,0.06771200,291.18123648,1502988280089,False,True
1787,4300.29000000,0.01970500,84.73721445,1502988385728,False,True
1788,4300.29000000,0.12182500,523.88282925,1502988385736,False,True
1789,4300.29000000,0.11595100,498.62292579,1502988385743,False,True
1790,4300.29000000,0.21447400,922.30039746,1502988392111,False,True
1791,4300.29000000,0.09642300,414.64686267,1502988432353,False,True
1792,4300.29000000,0.05157600,221.79175704,1502988432359,False,True
1793,4300.29000000,0.18900200,812.76341058,1502988443351,False,True
1794,4300.29000000,0.22506900,967.86197001,1502988443358,False,True
1795,4300.29000000,0.27415500,1178.94600495,1502988443364,False,True
1796,4338.13000000,0.04385300,190.24001489,1502988510844,False,True
1797,4338.13000000,0.02623600,113.81517868,1502988510852,False,True
1798,4338.13000000,0.00109700,4.75892861,1502988510860,False,True
1799,4338.13000000,0.04004700,173.72909211,1502988564208,False,True
1800,4338.13000000,0.19197200,832.79949236,1502988564216,False,True
1801,4338.13000000,0.11695900,507.38334667,1502988564223,False,True
1802,4338.13000000,0.11289700,489.76186261,1502988648569,False,True
1803,4338.13000000,0.10321500,447.76008795,1502988648577,False,True
1804,4338.13000000,0.42015000,1822.66531950,1502988660102,False,True
1805,4338.13000000,0.04820900,209.13690917,1502988660109,False,True
1806,4338.13000000,0.18109500,785.61365235,1502988660116,False,True
1807,4338.13000000,0.17600400,763.52823252,1502988719044,False,True
1808,4338.13000000,0.06732900,292.08195477,1502988719051,False,True
1809,4338.13000000,0.28103300,1219.15768829,1502988804063,False,True
1810,4338.13000000,0.44711900,1939.66034747,1502988804070,False,True
1811,4338.13000000,0.21117600,916.10894088,1502988819366,False,True
1812,4312.69000000,0.11700000,504.58473000,1502988845422,True,True
1813,4312.69000000,0.02500000,107.81725000,1502988846261,True,True
1814,4312.69000000,0.03406100,146.89453409,1502988847043,True,True
1815,4312.68000000,0.11700000,504.58356000,1502988847849,True,True
1816,4312.68000000,0.11700000,504.58356000,1502988848813,True,True
1817,4312.68000000,0.11700000,504.58356000,1502988849738,True,True
1818,4312.68000000,0.11400000,491.64552000,1502988850652,True,True
1819,4312.68000000,0.03700000,159.56916000,1502988851510,True,True
1820,4312.68000000,0.11700000,504.58356000,1502988852410,True,True
1821,4312.68000000,0.11700000,504.58356000,1502988853238,True,True
1822,4312.68000000,0.11700000,504.58356000,1502988854717,True,True
1823,4312.68000000,0.04900000,211.32132000,1502988855626,True,True
1824,4312.69000000,0.05793900,249.87294591,1502988875148,False,True
1825,4338.13000000,0.31028500,1346.05666705,1502988888061,True,True
1826,4338.13000000,0.05793900,251.34691407,1502988888061,True,True
1827,4338.13000000,0.18466000,801.07908580,1502988888069,True,True
1828,4354.18000000,0.05931200,258.25512416,1502988932475,False,True
1829,4354.18000000,0.01513800,65.91357684,1502988939776,False,True
1830,4354.18000000,0.00709000,30.87113620,1502989021685,False,True
1831,4354.18000000,0.00519400,22.61561092,1502989021693,False,True
1832,4354.18000000,0.00606900,26.42551842,1502989027193,False,True
1833,4354.18000000,0.01002100,43.63323778,1502989042085,False,True
1834,4354.18000000,0.37738400,1643.19786512,1502989044052,False,True
1835,4354.18000000,0.01430900,62.30396162,1502989106774,False,True
1836,4354.18000000,0.16397900,713.99408222,1502989106782,False,True
1837,4354.18000000,0.00905100,39.40968318,1502989188064,False,True
1838,4354.18000000,0.03164500,137.78802610,1502989295510,False,True
1839,4354.18000000,0.32719100,1424.64850838,1502989307721,False,True
1840,4354.18000000,0.03164500,137.78802610,1502989307721,False,True
1841,4354.18000000,0.26500200,1153.86640836,1502989344063,False,True
1842,4354.18000000,0.09136100,397.80223898,1502989400906,False,True
1843,4354.18000000,0.02020100,87.95879018,1502989464049,False,True
1844,4354.18000000,0.32415900,1411.44663462,1502989464057,False,True
1845,4354.18000000,0.18078100,787.15301458,1502989464066,False,True
1846,4354.18000000,0.26254700,1143.17689646,1502989500530,True,True
1847,4341.31000000,0.14624200,634.88185702,1502989584053,False,True
1848,4341.31000000,0.08941400,388.17389234,1502989584060,False,True
1849,4341.31000000,0.02711100,117.69725541,1502989606530,False,True
1850,4326.99000000,3.98675700,17250.65767143,1502989620072,False,True
1851,4341.31000000,0.00431100,18.71538741,1502989620083,False,True
1852,4341.31000000,0.12016700,521.68219877,1502989620090,False,True
1853,4341.31000000,0.03106300,134.85411253,1502989625893,False,True
1854,4341.31000000,0.02028100,88.04610811,1502989686986,False,True
1855,4341.31000000,0.01311600,56.94062196,1502989688815,False,True
1856,4341.31000000,0.09847900,427.52786749,1502989745376,False,True
1857,4341.31000000,0.07963900,345.73758709,1502989745384,False,True
1858,4341.31000000,0.89591000,3889.42304210,1502989771476,False,True
1859,4341.31000000,0.02426800,105.35491108,1502989797278,False,True
1860,4341.31000000,0.19792000,859.23207520,1502989860076,True,True
1861,4341.31000000,0.02426800,105.35491108,1502989860076,True,True
1862,4341.31000000,0.02967300,128.81969163,1502989860084,True,True
1863,4341.31000000,0.02426800,105.35491108,1502989860084,True,True
1864,4341.31000000,0.04176800,181.32783608,1502989860091,True,True
1865,4354.84000000,0.00376500,16.39597260,1502989923091,False,True
1866,4354.84000000,0.09493700,413.43544508,1502989923099,False,True
1867,4354.84000000,0.13511600,588.40856144,1502989923105,False,True
1868,4354.84000000,0.09052400,394.21753616,1502989927759,False,True
1869,4354.84000000,0.03390600,147.65520504,1502989927767,False,True
1870,4354.84000000,0.13037300,567.75355532,1502989927774,False,True
1871,4354.84000000,0.16462700,716.92424468,1502990052357,False,True
1872,4354.84000000,0.18326900,798.10717196,1502990052364,False,True
1873,4341.31000000,0.52000100,2257.48554131,1502990053700,True,True
1874,4341.31000000,0.88000100,3820.35714131,1502990055627,True,True
1875,4341.31000000,0.41000000,1779.93710000,1502990059829,True,True
1876,4341.31000000,0.85000000,3690.11350000,1502990061273,True,True
1877,4341.31000000,0.79000100,3429.63924131,1502990064300,True,True
1878,4341.31000000,0.43062200,1869.46359482,1502990067435,True,True
1879,4323.23000000,0.12000000,518.78760000,1502990124056,False,True
1880,4336.28000000,0.57937900,2512.34957012,1502990124056,False,True
1881,4354.84000000,0.33100100,1441.45639484,1502990124056,False,True
1882,4322.23000000,0.06303800,272.46473474,1502990162460,False,True
1883,4322.23000000,0.19233100,831.29881813,1502990184053,False,True
1884,4322.23000000,0.07914800,342.09586004,1502990218302,False,True
1885,4322.23000000,0.01551100,67.04210953,1502990218310,False,True
1886,4322.23000000,0.12963600,560.31660828,1502990218317,False,True
1887,4322.23000000,0.10320300,446.06710269,1502990244067,False,True
1888,4322.23000000,0.01615400,69.82130342,1502990244074,False,True
1889,4322.23000000,0.15726900,679.75278987,1502990250565,False,True
1890,4322.23000000,0.08250400,356.60126392,1502990313825,False,True
1891,4322.23000000,0.00345200,14.92033796,1502990392935,False,True
1892,4322.23000000,0.14422200,623.36065506,1502990392943,False,True
1893,4322.23000000,0.02854700,123.38669981,1502990392950,False,True
1894,4322.23000000,0.20498500,885.99231655,1502990450721,False,True
1895,4322.23000000,0.38164100,1649.54017943,1502990451946,True,True
1896,4301.50000000,3.92331000,16876.11796500,1502990460063,False,True
1897,4318.21000000,0.03200000,138.18272000,1502990507533,False,True
1898,4318.21000000,0.05900800,254.80893568,1502990568578,False,True
1899,4318.21000000,0.03399000,146.77595790,1502990576094,False,True
1900,4318.21000000,0.00400900,17.31170389,1502990576102,False,True
1901,4318.21000000,0.15591600,673.27803036,1502990576109,False,True
1902,4318.21000000,0.23943900,1033.94788419,1502990646668,False,True
1903,4318.21000000,0.18399800,794.54200358,1502990646676,False,True
1904,4318.21000000,0.23943900,1033.94788419,1502990646676,False,True
1905,4318.21000000,0.21431700,925.46581257,1502990646676,False,True
1906,4318.21000000,0.02178600,94.07652306,1502990688058,False,True
1907,4318.21000000,0.16513400,713.08329014,1502990688065,False,True
1908,4318.21000000,0.34260000,1479.41874600,1502990688071,False,True
1909,4318.21000000,0.00056900,2.45706149,1502990693672,False,True
1910,4318.21000000,0.09497900,410.13926759,1502990693678,False,True
1911,4318.21000000,0.05606300,242.09180723,1502990693685,False,True
1912,4318.21000000,0.10759100,464.60053211,1502990760093,True,True
1913,4318.21000000,0.03899800,168.40155358,1502990760101,True,True
1914,4335.28000000,0.02518200,109.17102096,1502990805002,False,True
1915,4335.28000000,0.00345500,14.97839240,1502990844051,False,True
1916,4335.28000000,0.01254600,54.39042288,1502990844059,False,True
1917,4335.28000000,0.03349200,145.19719776,1502990844065,False,True
1918,4335.28000000,0.03412500,147.94143000,1502990847187,False,True
1919,4335.28000000,0.13338200,578.24831696,1502990920166,False,True
1920,4335.28000000,0.16510900,715.79374552,1502990920174,False,True
1921,4335.28000000,0.05271300,228.52561464,1502990920181,False,True
1922,4335.28000000,0.00551200,23.89606336,1502990987210,False,True
1923,4335.28000000,0.21493600,931.80774208,1502990993603,False,True
1924,4335.28000000,0.06954800,301.51005344,1502990993611,False,True
1925,4335.28000000,0.35407000,1534.99258960,1502991059502,True,True
1926,4335.28000000,0.06954800,301.51005344,1502991059502,True,True
1927,4335.28000000,0.16143900,699.88326792,1502991059511,True,True
1928,4337.29000000,0.04079500,176.93974555,1502991108060,False,True
1929,4337.29000000,0.01214600,52.68072434,1502991142628,False,True
1930,4337.29000000,0.42368000,1837.62302720,1502991168055,False,True
1931,4337.29000000,0.11500000,498.78835000,1502991209734,False,True
1932,4337.29000000,0.09600000,416.37984000,1502991210602,False,True
1933,4337.29000000,0.06237900,270.55581291,1502991234493,False,True
1934,4337.29000000,0.71430900,3098.16528261,1502991234493,False,True
1935,4337.29000000,0.06237900,270.55581291,1502991234500,False,True
1936,4337.29000000,0.79196700,3434.99054943,1502991234500,False,True
1937,4337.29000000,0.06237900,270.55581291,1502991234510,False,True
1938,4337.29000000,0.74558600,3233.82270194,1502991234510,False,True
1939,4337.29000000,0.26353300,1143.01904557,1502991288060,False,True
1940,4337.29000000,0.28798300,1249.06578607,1502991288067,False,True
1941,4337.29000000,0.28201600,1223.18517664,1502991343016,False,True
1942,4337.29000000,0.28733800,1246.26823402,1502991343023,False,True
1943,4337.29000000,0.00023100,1.00191399,1502991343030,False,True
1944,4337.29000000,0.20156500,874.24585885,1502991408080,False,True
1945,4337.29000000,0.11525900,499.91170811,1502991408088,False,True
1946,4337.29000000,0.06116800,265.30335472,1502991408095,False,True
1947,4337.29000000,0.11611800,503.63744022,1502991454862,False,True
1948,4337.29000000,0.16383600,710.60424444,1502991454869,False,True
1949,4337.29000000,0.06557500,284.41779175,1502991480079,False,True
1950,4337.29000000,0.07409900,321.38885171,1502991490895,True,True
1951,4337.29000000,0.16304800,707.18645992,1502991490904,True,True
1952,4354.84000000,0.04675400,203.60618936,1502991528055,False,True
1953,4354.84000000,0.11037800,480.67852952,1502991528062,False,True
1954,4354.84000000,0.04325200,188.35553968,1502991533561,False,True
1955,4354.84000000,0.12835300,558.95677852,1502991660075,False,True
1956,4341.30000000,0.14211800,616.97687340,1502991725357,False,True
1957,4341.30000000,0.00477900,20.74707270,1502991729906,False,True
1958,4341.30000000,0.13188200,572.53932660,1502991747398,False,True
1959,4341.30000000,0.22337500,969.73788750,1502991828059,False,True
1960,4341.30000000,0.20730800,899.98622040,1502991828066,False,True
1961,4328.15000000,0.08303800,359.40091970,1502991833734,False,True
1962,4328.15000000,0.00716000,30.98955400,1502991833741,False,True
1963,4328.15000000,0.12190900,527.64043835,1502991833749,False,True
1964,4315.11000000,0.00566600,24.44941326,1502991955065,False,True
1965,4315.11000000,0.05683900,245.26653729,1502991960076,False,True
1966,4315.11000000,0.00366500,15.81487815,1502991995755,False,True
1967,4299.95000000,3.87994400,16683.56520280,1502992020080,False,True
1968,4315.11000000,0.10059000,434.05691490,1502992044065,False,True
1969,4315.11000000,0.74215000,3202.45888650,1502992044073,False,True
1970,4315.11000000,0.69675100,3006.55720761,1502992044080,False,True
1971,4315.11000000,0.14217900,613.51802469,1502992062210,True,True
1972,4315.11000000,0.24227900,1045.46053569,1502992062217,True,True
1973,4315.11000000,0.19017700,820.63467447,1502992062229,True,True
1974,4328.15000000,0.23662600,1024.15282190,1502992104065,False,True
1975,4328.15000000,0.01039900,45.00843185,1502992107740,False,True
1976,4328.15000000,0.00926000,40.07866900,1502992107748,False,True
1977,4328.15000000,0.01373800,59.46012470,1502992107755,False,True
1978,4328.15000000,0.03468800,150.13486720,1502992122341,False,True
1979,4328.15000000,0.14399300,623.22330295,1502992192688,False,True
1980,4328.15000000,0.06480700,280.49441705,1502992192696,False,True
1981,4328.15000000,0.02377000,102.88012550,1502992245894,False,True
1982,4328.15000000,0.33018800,1429.10319220,1502992263979,False,True
1983,4328.15000000,0.11042400,477.93163560,1502992263986,False,True
1984,4328.15000000,0.36841700,1594.56403855,1502992273053,True,True
1985,4327.25000000,0.25492600,1103.12853350,1502992322039,False,True
1986,4309.05000000,0.61522700,2651.04390435,1502992349647,False,True
1987,4309.05000000,0.72642800,3130.21457340,1502992349655,False,True
1988,4309.05000000,0.01500000,64.63575000,1502992418811,False,True
1989,4309.05000000,0.48334600,2082.76208130,1502992428054,False,True
1990,4309.05000000,0.40187000,1731.67792350,1502992428054,False,True
1991,4309.05000000,0.14299700,616.18122285,1502992428061,False,True
1992,4309.05000000,0.34034900,1466.58085845,1502992428067,False,True
1993,4309.05000000,0.14299700,616.18122285,1502992428067,False,True
1994,4309.05000000,0.20119000,866.93776950,1502992428067,False,True
1995,4307.17000000,0.30000000,1292.15100000,1502992439727,False,True
1996,4309.05000000,0.33071900,1425.08470695,1502992439727,False,True
1997,4307.17000000,0.01501100,64.65492887,1502992500085,False,True
1998,4307.17000000,0.28066300,1208.86325371,1502992500092,False,True
1999,4307.17000000,0.12738200,548.65592894,1502992500100,False,True
2000,4286.52000000,4.01461800,17208.74034936,1502992560061,False,True
2001,4307.17000000,0.00059800,2.57568766,1502992566583,False,True
2002,4307.17000000,0.16634600,716.48050082,1502992566592,False,True
2003,4307.17000000,0.00059800,2.57568766,1502992566592,False,True
2004,4307.17000000,0.06801500,292.95216755,1502992566592,False,True
2005,4307.17000000,0.16694400,719.05618848,1502992566599,False,True
2006,4307.17000000,0.11937700,514.17703309,1502992566599,False,True
2007,4302.15000000,0.12153400,522.85749810,1502992571346,False,True
2008,4302.15000000,0.26024800,1119.62593320,1502992587932,False,True
2009,4265.87000000,1.48400000,6330.55108000,1502992629957,True,True
2010,4250.43000000,1.81000100,7693.28255043,1502992638305,True,True
2011,4258.83000000,0.02139300,91.10915019,1502992641872,True,True
2012,4302.15000000,0.01100000,47.32365000,1502992650266,False,True
2013,4302.15000000,0.16354500,703.59512175,1502992650498,False,True
2014,4302.15000000,0.16722000,719.40552300,1502992650505,False,True
2015,4258.83000000,0.82860700,3528.89634981,1502992653092,True,True
2016,4258.86000000,1.17000000,4982.86620000,1502992655631,True,True
2017,4258.86000000,1.39000000,5919.81540000,1502992658201,True,True
2018,4258.86000000,0.02139300,91.10979198,1502992660348,True,True
2019,4258.86000000,1.36860700,5828.70560802,1502992662766,True,True
2020,4250.00000000,0.02139300,90.92025000,1502992664996,True,True
2021,4256.40000000,1.28000100,5448.19625640,1502992668892,True,True
2022,4235.45000000,0.78000100,3303.65523545,1502992672073,True,True
2023,4253.82000000,1.50000000,6380.73000000,1502992676679,True,True
2024,4253.82000000,1.12000100,4764.28265382,1502992679158,True,True
2025,4253.82000000,0.35999900,1531.37094618,1502992682264,True,True
2026,4239.36000000,0.26651500,1129.85303040,1502992684610,True,True
2027,4252.92000000,0.52091200,2215.39706304,1502992750366,True,True
2028,4289.24000000,0.13635700,584.86789868,1502992771453,False,True
2029,4289.24000000,0.09578600,410.84914264,1502992771461,False,True
2030,4289.24000000,0.51237200,2197.68647728,1502992848053,False,True
2031,4289.24000000,0.33098700,1419.68267988,1502992852157,False,True
2032,4289.24000000,0.21449900,920.03769076,1502992852165,False,True
2033,4289.24000000,0.08974800,384.95071152,1502992852435,True,True
2034,4282.43000000,0.18841200,806.86120116,1502992894452,False,True
2035,4268.01000000,0.99000000,4225.32990000,1502992950820,False,True
2036,4268.01000000,0.33161600,1415.34040416,1502992950881,True,True
2037,4267.01000000,0.50030600,2134.81070506,1502993046673,False,True
2038,4267.01000000,0.01969500,84.03876195,1502993046681,False,True
2039,4267.01000000,0.03876200,165.39784162,1502993047379,True,True
2040,4263.99000000,0.11700000,498.88683000,1502993074121,False,True
2041,4263.99000000,0.09400000,400.81506000,1502993075051,False,True
2042,4263.99000000,0.00023800,1.01482962,1502993093350,False,True
2043,4263.99000000,0.11676200,497.87200038,1502993093350,False,True
2044,4263.99000000,0.11700000,498.88683000,1502993094231,False,True
2045,4263.99000000,0.11700000,498.88683000,1502993095162,False,True
2046,4253.56000000,0.09079400,386.19772664,1502993100972,False,True
2047,4253.56000000,0.00616800,26.23595808,1502993110629,False,True
2048,4218.68000000,3.87553300,16349.63355644,1502993160088,False,True
2049,4236.89000000,0.56000100,2372.66263689,1502993199279,False,True
2050,4236.89000000,0.78904000,3343.07568560,1502993199279,False,True
2051,4236.89000000,0.23730600,1005.43941834,1502993199287,False,True
2052,4236.89000000,0.32269500,1367.22321855,1502993199293,False,True
2053,4236.89000000,0.05640200,238.96906978,1502993199293,False,True
2054,4231.87000000,0.04470500,189.18574835,1502993244066,False,True
2055,4231.87000000,0.30972300,1310.70747201,1502993248187,False,True
2056,4231.87000000,0.47372500,2004.74261575,1502993322685,False,True
2057,4231.87000000,0.05841500,247.20468605,1502993341667,False,True
2058,4231.87000000,0.51343200,2172.77747784,1502993341675,False,True
2059,4231.87000000,0.02672000,113.07556640,1502993341675,False,True
2060,4231.87000000,0.03169500,134.12911965,1502993341682,False,True
2061,4231.87000000,0.31032900,1313.27198523,1502993341682,False,True
2062,4231.87000000,0.36025600,1524.55655872,1502993387295,False,True
2063,4231.87000000,0.42798500,1811.17688195,1502993424099,False,True
2064,4231.87000000,0.23843200,1009.01322784,1502993424099,False,True
2065,4231.87000000,0.12182400,515.54333088,1502993424099,False,True
2066,4231.87000000,0.23843200,1009.01322784,1502993424107,False,True
2067,4231.87000000,0.60426800,2557.18362116,1502993424113,False,True
2068,4231.87000000,0.36025600,1524.55655872,1502993449142,True,True
2069,4231.87000000,0.67752000,2867.17656240,1502993482934,False,True
2070,4231.87000000,0.19708900,834.05502643,1502993544050,True,True
2071,4231.87000000,0.24096200,1019.71985894,1502993544058,True,True
2072,4269.51000000,0.42992800,1835.58189528,1502993548236,False,True
2073,4269.51000000,0.09007300,384.56757423,1502993548244,False,True
2074,4269.51000000,0.44814600,1913.36382846,1502993588300,True,True
2075,4282.43000000,0.04038900,172.96306527,1502993592810,False,True
2076,4282.43000000,0.15126400,647.77749152,1502993655640,False,True
2077,4282.43000000,0.13501500,578.19228645,1502993655647,False,True
2078,4282.43000000,0.06507600,278.68341468,1502993655654,False,True
2079,4282.43000000,0.24074500,1030.97361035,1502993748053,False,True
2080,4282.43000000,0.19586300,838.76958709,1502993748061,False,True
2081,4282.43000000,0.21348900,914.25169827,1502993748068,False,True
2082,4282.43000000,0.09605900,411.36594337,1502993748068,False,True
2083,4278.01000000,0.03385900,144.84914059,1502993773624,False,True
2084,4278.01000000,0.36022700,1541.05470827,1502993820502,False,True
2085,4278.01000000,0.25489500,1090.44335895,1502993820509,False,True
2086,4278.01000000,0.19128300,818.31058683,1502993820515,False,True
2087,4273.03000000,3.93869200,16830.14907676,1502993880067,False,True
2088,4302.15000000,0.21907900,942.51071985,1502993908194,False,True
2089,4302.15000000,0.07118500,306.24854775,1502993908202,False,True
2090,4302.15000000,0.02394300,103.00637745,1502993908208,False,True
2091,4302.15000000,0.08500000,365.68275000,1502993930974,False,True
2092,4302.15000000,0.02900000,124.76235000,1502993931915,False,True
2093,4302.15000000,0.07112300,305.98181445,1502994000079,False,True
2094,4302.15000000,0.07397500,318.25154625,1502994000086,False,True
2095,4302.15000000,0.21314900,916.99897035,1502994043734,False,True
2096,4302.15000000,0.17930400,771.39270360,1502994043734,False,True
2097,4302.15000000,0.01680900,72.31483935,1502994108073,True,True
2098,4302.45000000,0.05664000,243.69076800,1502994111609,False,True
2099,4302.45000000,0.08387700,360.87659865,1502994111615,False,True
2100,4302.45000000,0.08584200,369.33091290,1502994111622,False,True
2101,4302.44000000,0.23727900,1020.87866076,1502994135745,False,True
2102,4302.44000000,0.12301000,529.24314440,1502994135753,False,True
2103,4302.44000000,0.05294600,227.79698824,1502994180062,True,True
2104,4302.44000000,0.12301000,529.24314440,1502994180062,True,True
2105,4302.44000000,0.02533800,109.01522472,1502994180069,True,True
2106,4302.45000000,0.02900000,124.77105000,1502994204641,False,True
2107,4302.45000000,0.39102600,1682.36981370,1502994216048,False,True
2108,4302.45000000,0.08684800,373.65917760,1502994218774,False,True
2109,4302.45000000,0.17503100,753.06212595,1502994218782,False,True
2110,4302.45000000,0.00950200,40.88187990,1502994291057,False,True
2111,4302.45000000,0.01880300,80.89896735,1502994291064,False,True
2112,4302.45000000,0.02592000,111.51950400,1502994291070,False,True
2113,4287.69000000,0.02769600,118.75186224,1502994348058,False,True
2114,4287.69000000,0.03145500,134.86928895,1502994348066,False,True
2115,4287.69000000,0.03500300,150.08201307,1502994351627,False,True
2116,4287.69000000,0.04220600,180.96624414,1502994351634,False,True
2117,4287.69000000,0.04084300,175.12212267,1502994351641,False,True
2118,4287.69000000,0.00279700,11.99266893,1502994368698,False,True
2119,4287.69000000,0.03283900,140.80345191,1502994370474,True,True
2120,4287.69000000,0.01900000,81.46611000,1502994422234,False,True
2121,4287.69000000,0.09804400,420.38227836,1502994476571,False,True
2122,4287.69000000,0.11105400,476.16512526,1502994476578,False,True
2123,4287.69000000,0.12430200,532.96844238,1502994476585,False,True
2124,4287.69000000,0.01468700,62.97330303,1502994540058,False,True
2125,4287.69000000,0.02252300,96.57164187,1502994540066,False,True
2126,4287.69000000,0.00541200,23.20497828,1502994605611,False,True
2127,4287.69000000,0.04601100,197.28090459,1502994605618,False,True
2128,4287.69000000,0.00023400,1.00331946,1502994660068,False,True
2129,4287.69000000,0.04476000,191.91700440,1502994660076,False,True
2130,4287.69000000,0.00113500,4.86652815,1502994660082,False,True
2131,4287.69000000,0.00023400,1.00331946,1502994660082,False,True
2132,4287.69000000,0.00753400,32.30345646,1502994660082,False,True
2133,4287.69000000,0.03695300,158.44300857,1502994664306,False,True
2134,4287.69000000,0.04029400,172.76818086,1502994664312,False,True
2135,4287.69000000,0.10340500,443.36858445,1502994664319,False,True
2136,4287.69000000,0.19173700,822.10881753,1502994720073,False,True
2137,4287.69000000,0.00404200,17.33084298,1502994720079,False,True
2138,4287.69000000,0.09507800,407.66498982,1502994720086,False,True
2139,4287.69000000,0.07980300,342.17052507,1502994786539,False,True
2140,4287.69000000,0.04975800,213.34687902,1502994804060,False,True
2141,4287.69000000,0.22299400,956.12914386,1502994804067,False,True
2142,4287.69000000,0.33391100,1431.70685559,1502994823924,False,True
2143,4287.69000000,0.51848800,2223.11581272,1502994888057,True,True
2144,4287.69000000,0.39418600,1690.14737034,1502994888064,True,True
2145,4302.45000000,0.04520600,194.49655470,1502994924111,False,True
2146,4302.45000000,0.18262000,785.71341900,1502994924118,False,True
2147,4302.45000000,0.18969800,816.16616010,1502994928409,False,True
2148,4302.45000000,0.26167700,1125.85220865,1502994928416,False,True
2149,4302.45000000,0.08504700,365.91046515,1502994928422,False,True
2150,4284.27000000,0.59619100,2554.24321557,1502995068066,False,True
2151,4284.27000000,0.00410000,17.56550700,1502995071039,False,True
2152,4284.27000000,0.03046200,130.50743274,1502995071046,False,True
2153,4264.10000000,3.99046300,17015.73327830,1502995080068,False,True
2154,4284.27000000,0.02058700,88.20026649,1502995128067,False,True
2155,4284.27000000,0.00126900,5.43673863,1502995128074,False,True
2156,4284.27000000,0.00852900,36.54053883,1502995128081,False,True
2157,4267.01000000,0.06200000,264.55462000,1502995148692,False,True
2158,4267.01000000,0.42728400,1823.22510084,1502995165719,False,True
2159,4267.01000000,0.20408100,870.81566781,1502995165726,False,True
2160,4267.01000000,0.27165400,1159.15033454,1502995165733,False,True
2161,4246.90000000,0.51897400,2204.03068060,1502995224062,False,True
2162,4246.90000000,0.25334900,1075.94786810,1502995279186,False,True
2163,4246.90000000,0.63337000,2689.85905300,1502995328940,False,True
2164,4246.90000000,0.35693600,1515.87149840,1502995332566,False,True
2165,4246.90000000,0.04354700,184.93975430,1502995332574,False,True
2166,4246.90000000,0.06382500,271.05839250,1502995332581,False,True
2167,4246.90000000,0.21459100,911.34651790,1502995333130,True,True
2168,4237.85000000,0.06700500,283.95713925,1502995406704,False,True
2169,4237.85000000,0.10024600,424.82751110,1502995488057,False,True
2170,4237.85000000,0.21815800,924.52088030,1502995491746,False,True
2171,4237.85000000,0.57027600,2416.74414660,1502995491800,True,True
2172,4237.85000000,0.38656000,1638.18329600,1502995528411,False,True
2173,4222.97000000,3.89021400,16428.25701558,1502995560071,False,True
2174,4237.85000000,0.47298700,2004.44795795,1502995584054,False,True
2175,4237.85000000,0.16048700,680.11983295,1502995584062,False,True
2176,4237.85000000,0.09800600,415.33472710,1502995587632,False,True
2177,4237.85000000,0.08762500,371.34160625,1502995587639,False,True
2178,4237.85000000,0.06740600,285.65651710,1502995704049,False,True
2179,4237.85000000,0.07606800,322.36477380,1502995704057,False,True
2180,4237.85000000,0.09483200,401.88379120,1502995704064,False,True
2181,4237.85000000,0.18314000,776.11984900,1502995726592,False,True
2182,4237.85000000,0.02288900,97.00014865,1502995726600,False,True
2183,4237.85000000,0.29534100,1251.61085685,1502995728639,True,True
2184,4241.90000000,0.06317900,267.99900010,1502995764057,False,True
2185,4241.90000000,0.00237600,10.07875440,1502995764065,False,True
2186,4241.90000000,0.07071500,299.96595850,1502995811740,True,True
2187,4261.99000000,0.04549200,193.88644908,1502995824063,False,True
2188,4261.99000000,0.05270500,224.62818295,1502995824070,False,True
2189,4261.99000000,0.11402200,485.96062378,1502995828471,False,True
2190,4261.99000000,0.18593600,792.45737264,1502995828479,False,True
2191,4261.99000000,0.26925700,1147.57064143,1502995884056,False,True
2192,4261.99000000,0.13659100,582.14947609,1502995884063,False,True
2193,4261.99000000,0.53599800,2284.41811602,1502995890099,False,True
2194,4261.99000000,0.61658200,2627.86631818,1502995890099,False,True
2195,4267.01000000,0.07600000,324.29276000,1502995920917,False,True
2196,4267.01000000,0.32898200,1403.76948382,1502995944053,False,True
2197,4267.01000000,0.42604500,1817.93827545,1502995944053,False,True
2198,4267.01000000,0.24904300,1062.66897143,1502995944061,False,True
2199,4267.01000000,0.55437800,2365.53646978,1502995959420,False,True
2200,4267.01000000,0.14218000,606.68348180,1502995959427,False,True
2201,4267.01000000,0.79813100,3405.63295831,1502996004061,True,True
2202,4267.01000000,0.54946800,2344.58545068,1502996004068,True,True
2203,4267.01000000,0.04074800,173.87212348,1502996004075,True,True
2204,4254.96000000,0.31967300,1360.19582808,1502996047670,False,True
2205,4254.96000000,0.10772100,458.34854616,1502996124065,False,True
2206,4254.96000000,0.16287500,693.02661000,1502996126690,False,True
2207,4254.96000000,0.04413600,187.79691456,1502996126698,False,True
2208,4254.96000000,0.54486600,2318.38303536,1502996160075,False,True
2209,4254.96000000,0.27072900,1151.94106584,1502996160085,False,True
2210,4254.96000000,0.39197100,1667.82092616,1502996160085,False,True
2211,4254.96000000,0.15289500,650.56210920,1502996160095,False,True
2212,4254.96000000,0.39844500,1695.36753720,1502996160095,False,True
2213,4254.96000000,0.10841400,461.29723344,1502996193238,False,True
2214,4254.96000000,0.05311300,225.99369048,1502996220084,True,True
2215,4254.96000000,0.49485000,2105.56695600,1502996220091,True,True
2216,4254.96000000,0.28649800,1219.03753008,1502996220097,True,True
2217,4256.97000000,0.05818100,247.67477157,1502996275980,False,True
2218,4256.97000000,0.08399700,357.57270909,1502996279878,False,True
2219,4256.97000000,0.06441200,274.19995164,1502996279886,False,True
2220,4256.97000000,0.02114000,89.99234580,1502996334562,False,True
2221,4256.97000000,0.02961200,126.05739564,1502996334569,False,True
2222,4256.97000000,0.04159100,177.05163927,1502996334576,False,True
2223,4256.97000000,0.00335200,14.26936344,1502996367458,False,True
2224,4241.91000000,0.32000100,1357.41544191,1502996451429,False,True
2225,4256.97000000,0.10771500,458.53952355,1502996451429,False,True
2226,4256.97000000,0.09470700,403.16485779,1502996451429,False,True
2227,4231.68000000,3.92502900,16609.46671872,1502996460062,False,True
2228,4237.72000000,0.41157500,1744.13960900,1502996484059,False,True
2229,4237.72000000,0.33275400,1410.11828088,1502996484067,False,True
2230,4237.72000000,0.47857900,2028.08379988,1502996484075,False,True
2231,4237.72000000,0.21473200,909.97409104,1502996486877,False,True
2232,4237.72000000,0.16245000,688.41761400,1502996486884,False,True
2233,4237.72000000,0.28991000,1228.55740520,1502996544072,False,True
2234,4237.72000000,0.08368300,354.62512276,1502996544072,False,True
2235,4237.72000000,0.28991000,1228.55740520,1502996544080,False,True
2236,4237.72000000,0.39709500,1682.77742340,1502996544080,False,True
2237,4225.40000000,0.75000000,3169.05000000,1502996552398,False,True
2238,4237.72000000,0.19864700,841.81036484,1502996553731,True,True
2239,4208.11000000,0.82170800,3457.83765188,1502996571080,True,True
2240,4200.74000000,0.36901200,1550.12346888,1502996646179,False,True
2241,4200.74000000,0.27402800,1151.12038072,1502996664053,False,True
2242,4200.74000000,0.07456800,313.24078032,1502996712974,True,True
2243,4218.51000000,0.07063200,297.96179832,1502996716437,False,True
2244,4218.51000000,0.29508400,1244.81480484,1502996807428,False,True
2245,4218.51000000,0.04868200,205.36550382,1502996807436,False,True
2246,4218.51000000,0.05368700,226.47914637,1502996807442,False,True
2247,4218.51000000,0.18343100,773.80550781,1502996820072,False,True
2248,4218.51000000,0.34504900,1455.59265699,1502996820080,False,True
2249,4218.51000000,0.47229900,1992.39805449,1502996820087,False,True
2250,4218.51000000,0.00130600,5.50937406,1502996855259,False,True
2251,4218.51000000,0.19186500,809.38442115,1502996904056,True,True
2252,4242.53000000,0.03357300,142.43445969,1502996922856,False,True
2253,4242.53000000,0.07720900,327.56149877,1502996922863,False,True
2254,4242.53000000,0.44453400,1885.94883102,1502996962686,False,True
2255,4242.53000000,0.08377300,355.40946569,1502996962694,False,True
2256,4271.02000000,0.45000100,1921.96327102,1502997048075,False,True
2257,4271.02000000,0.00025500,1.08911010,1502997048075,False,True
2258,4256.51000000,3.96169900,16863.01141049,1502997060106,False,True
2259,4270.34000000,0.91689100,3915.43631294,1502997108061,False,True
2260,4270.34000000,0.17311000,739.23855740,1502997108069,False,True
2261,4284.27000000,0.53886200,2308.63030074,1502997108069,False,True
2262,4284.27000000,0.91689100,3928.20860457,1502997108069,False,True
2263,4284.27000000,0.15355900,657.88821693,1502997108069,False,True
2264,4284.27000000,0.87028900,3728.55305403,1502997108077,False,True
2265,4270.34000000,0.49851700,2128.83708578,1502997123075,True,True
2266,4270.34000000,0.80540200,3439.34037668,1502997123075,True,True
2267,4267.01000000,0.11688400,498.74519684,1502997185862,False,True
2268,4267.01000000,0.28924500,1234.21130745,1502997233240,False,True
2269,4267.01000000,0.08995300,383.83035053,1502997233249,False,True
2270,4267.01000000,0.12181400,519.78155614,1502997259345,True,True
2271,4281.87000000,0.06344100,271.64611467,1502997263106,False,True
2272,4281.87000000,0.05309100,227.32876017,1502997263114,False,True
2273,4281.87000000,0.06926800,296.59657116,1502997325016,False,True
2274,4281.87000000,0.02762600,118.29094062,1502997325023,False,True
2275,4281.87000000,0.03743500,160.29180345,1502997325030,False,True
2276,4247.38000000,3.82071200,16228.01573456,1502997360069,False,True
2277,4266.01000000,0.05953300,253.96837333,1502997384059,False,True
2278,4266.01000000,0.19868200,847.57939882,1502997384066,False,True
2279,4266.01000000,0.03316600,141.48648766,1502997384073,False,True
2280,4266.01000000,0.10835000,462.22218350,1502997387106,False,True
2281,4266.01000000,0.00026400,1.12622664,1502997387113,False,True
2282,4266.01000000,0.17969300,766.57213493,1502997387120,False,True
2283,4266.01000000,0.03900900,166.41278409,1502997444067,False,True
2284,4266.01000000,0.17130400,730.78457704,1502997444074,False,True
2285,4266.01000000,0.03900900,166.41278409,1502997444074,False,True
2286,4266.01000000,0.18059800,770.43287398,1502997444074,False,True
2287,4266.01000000,0.02200000,93.85222000,1502997454429,False,True
2288,4266.01000000,0.49661700,2118.57308817,1502997511716,False,True
2289,4266.00000000,0.38504500,1642.60197000,1502997528065,False,True
2290,4266.00000000,0.06294000,268.50204000,1502997528072,False,True
2291,4266.00000000,0.21821000,930.88386000,1502997575606,False,True
2292,4266.00000000,0.19886100,848.34102600,1502997648061,False,True
2293,4266.00000000,0.12622000,538.45452000,1502997648068,False,True
2294,4266.00000000,0.14913400,636.20564400,1502997648075,False,True
2295,4266.00000000,0.48377200,2063.77135200,1502997711679,False,True
2296,4266.00000000,0.88193900,3762.35177400,1502997711686,False,True
2297,4266.00000000,0.52265500,2229.64623000,1502997711693,False,True
2298,4266.00000000,0.04140000,176.61240000,1502997768057,False,True
2299,4266.00000000,0.02738100,116.80734600,1502997768065,False,True
2300,4266.00000000,0.00095300,4.06549800,1502997804695,False,True
2301,4266.00000000,0.28053700,1196.77084200,1502997804702,False,True
2302,4266.00000000,0.36180000,1543.43880000,1502997864057,False,True
2303,4266.00000000,0.14207700,606.10048200,1502997864064,False,True
2304,4266.00000000,0.03784200,161.43397200,1502997908928,True,True
2305,4302.44000000,0.01378900,59.32634516,1502997912253,False,True
2306,4302.44000000,0.18761700,807.21088548,1502997912262,False,True
2307,4302.44000000,0.04894400,210.57862336,1502997939769,False,True
2308,4302.44000000,0.25593100,1101.12777164,1502997939776,False,True
2309,4302.44000000,0.23569700,1014.07220068,1502997939783,False,True
2310,4302.44000000,0.05900000,253.84396000,1502997951116,False,True
2311,4302.44000000,0.04100000,176.40004000,1502997952035,False,True
2312,4302.44000000,0.11549800,496.92321512,1502997952823,False,True
2313,4302.44000000,0.00501800,21.58964392,1502997952830,False,True
2314,4302.44000000,0.18416000,792.33735040,1502997961730,True,True
2315,4287.60000000,0.06792200,291.22236720,1502998018524,False,True
2316,4287.60000000,0.19319300,828.33430680,1502998068057,False,True
2317,4287.60000000,0.11029100,472.88369160,1502998068065,False,True
2318,4287.60000000,0.03677000,157.65505200,1502998124691,False,True
2319,4287.61000000,0.06792100,291.21875881,1502998154171,False,True
2320,4287.60000000,0.03090100,132.49112760,1502998188098,True,True
2321,4287.60000000,0.06895800,295.66432080,1502998188105,True,True
2322,4287.60000000,0.02360500,101.20879800,1502998188112,True,True
2323,4287.61000000,0.05837700,250.29780897,1502998190698,False,True
2324,4287.61000000,0.03343700,143.36481557,1502998190705,False,True
2325,4287.61000000,0.00675800,28.97566838,1502998190712,False,True
2326,4287.61000000,0.03048400,130.70350324,1502998247833,False,True
2327,4287.61000000,0.04080200,174.94306322,1502998247840,False,True
2328,4287.61000000,0.01800000,77.17698000,1502998253148,False,True
2329,4287.61000000,0.02279100,97.71891951,1502998286977,False,True
2330,4287.61000000,0.02696100,115.59825321,1502998286985,False,True
2331,4302.45000000,0.02055300,88.42825485,1502998368056,False,True
2332,4302.45000000,0.02271100,97.71294195,1502998368062,False,True
2333,4302.45000000,0.01802500,77.55166125,1502998368062,False,True
2334,4302.45000000,0.00252800,10.87659360,1502998368069,False,True
2335,4302.45000000,0.01877000,80.75698650,1502998368069,False,True
2336,4302.15000000,0.12238700,526.52723205,1502998406730,False,True
2337,4302.15000000,0.00152900,6.57798735,1502998406738,False,True
2338,4302.15000000,0.08149000,350.58220350,1502998409937,False,True
2339,4302.15000000,0.06459500,277.89737925,1502998409944,False,True
2340,4302.15000000,0.05867200,252.41574480,1502998464096,True,True
2341,4316.08000000,0.15834800,683.44263584,1502998512356,False,True
2342,4316.08000000,0.31007500,1338.30850600,1502998512363,False,True
2343,4316.07000000,0.11540200,498.08311014,1502998584054,False,True
2344,4316.07000000,0.12717900,548.91346653,1502998610713,False,True
2345,4316.07000000,0.05899200,254.61360144,1502998610721,False,True
2346,4309.26000000,3.83617700,16531.08409902,1502998620069,False,True
2347,4316.07000000,0.05703000,246.14547210,1502998668063,False,True
2348,4316.07000000,0.01040800,44.92165656,1502998681578,False,True
2349,4316.07000000,0.01159200,50.03188344,1502998681578,False,True
2350,4316.07000000,0.11400000,492.03198000,1502998682479,False,True
2351,4316.07000000,0.08800000,379.81416000,1502998683318,False,True
2352,4316.07000000,0.00016500,0.71215155,1502998690812,False,True
2353,4316.08000000,0.02700000,116.53416000,1502998691791,False,True
2354,4316.07000000,0.14419800,622.36866186,1502998728076,True,True
2355,4316.07000000,0.00207700,8.96447739,1502998728085,True,True
2356,4316.08000000,0.01111100,47.95596488,1502998759781,False,True
2357,4316.08000000,0.07346600,317.08513328,1502998759789,False,True
2358,4316.08000000,0.00564300,24.35563944,1502998759789,False,True
2359,4316.08000000,0.00546800,23.60032544,1502998759796,False,True
2360,4316.08000000,0.07910900,341.44077272,1502998759796,False,True
2361,4316.08000000,0.00856200,36.95427696,1502998759796,False,True
2362,4316.08000000,0.02324800,100.34022784,1502998780377,False,True
2363,4289.00000000,1.15936100,4972.49932900,1502998791577,True,True
2364,4316.08000000,0.11326000,488.83922080,1502998800065,False,True
2365,4316.08000000,0.02324800,100.34022784,1502998800065,False,True
2366,4316.08000000,0.09005300,388.67595224,1502998800072,False,True
2367,4316.08000000,0.03031200,130.82901696,1502998817239,True,True
2368,4327.25000000,0.00831000,35.95944750,1502998842585,False,True
2369,4327.25000000,0.04915900,212.72328275,1502998884068,False,True
2370,4327.25000000,0.08015600,346.85505100,1502998886890,False,True
2371,4327.25000000,0.04327000,187.24010750,1502998886897,False,True
2372,4327.25000000,0.06936600,300.16402350,1502998886903,False,True
2373,4327.25000000,0.08791300,380.42152925,1502998968061,False,True
2374,4327.25000000,0.03365600,145.63792600,1502998968069,False,True
2375,4327.25000000,0.07293300,315.59932425,1502998968076,False,True
2376,4327.25000000,0.04189500,181.29013875,1502999025047,False,True
2377,4327.25000000,0.02218200,95.98705950,1502999025047,False,True
2378,4327.25000000,0.04189500,181.29013875,1502999025055,False,True
2379,4327.25000000,0.09087300,393.23018925,1502999025055,False,True
2380,4327.25000000,0.04189500,181.29013875,1502999025063,False,True
2381,4327.25000000,0.03698300,160.03468675,1502999025063,False,True
2382,4327.25000000,0.21014000,909.32831500,1502999088070,False,True
2383,4327.25000000,0.00500000,21.63625000,1502999130824,True,True
2384,4327.25000000,0.11208000,484.99818000,1502999142874,True,True
2385,4327.25000000,0.00500000,21.63625000,1502999142874,True,True
2386,4327.25000000,0.12310900,532.72342025,1502999142881,True,True
2387,4335.30000000,0.09181000,398.02389300,1502999155785,False,True
2388,4335.30000000,0.00814900,35.32835970,1502999155793,False,True
2389,4335.30000000,0.23262900,1008.51650370,1502999155800,False,True
2390,4335.30000000,0.07588100,328.96689930,1502999216747,False,True
2391,4335.30000000,0.00745600,32.32399680,1502999216754,False,True
2392,4335.30000000,0.04710000,204.19263000,1502999269676,False,True
2393,4335.30000000,0.02822600,122.36817780,1502999356693,False,True
2394,4335.30000000,0.09367300,406.10055690,1502999356700,False,True
2395,4335.30000000,0.03507600,152.06498280,1502999356707,False,True
2396,4335.30000000,0.00220500,9.55933650,1502999356707,False,True
2397,4327.25000000,0.03100500,134.16638625,1502999388069,False,True
2398,4327.25000000,0.00084300,3.64787175,1502999388077,False,True
2399,4327.25000000,0.50147100,2169.99038475,1502999390716,False,True
2400,4327.25000000,0.40491900,1752.18574275,1502999429170,False,True
2401,4327.25000000,0.12176300,526.89894175,1502999462881,False,True
2402,4327.25000000,0.00219900,9.51562275,1502999474434,True,True
2403,4328.25000000,0.11097000,480.30590250,1502999544081,False,True
2404,4328.25000000,1.14864800,4971.63570600,1502999562630,False,True
2405,4328.25000000,0.21329400,923.18975550,1502999589395,False,True
2406,4328.25000000,0.16866200,730.01130150,1502999589402,False,True
2407,4328.25000000,0.04842600,209.59983450,1502999664064,False,True
2408,4328.25000000,0.19133100,828.12840075,1502999664064,False,True
2409,4328.25000000,0.04842600,209.59983450,1502999664071,False,True
2410,4328.25000000,0.34932100,1511.94861825,1502999664071,False,True
2411,4328.25000000,0.03900100,168.80607825,1502999664077,False,True
2412,4325.24000000,0.06672700,288.61028948,1502999687379,False,True
2413,4325.24000000,0.03073400,132.93192616,1502999724064,False,True
2414,4325.24000000,0.01054500,45.60965580,1502999724072,False,True
2415,4325.24000000,0.03778400,163.42486816,1502999724078,False,True
2416,4325.23000000,0.05112800,221.14035944,1502999778201,False,True
2417,4325.23000000,0.00746600,32.29216718,1502999844074,False,True
2418,4325.23000000,0.02678200,115.83830986,1502999844082,False,True
2419,4325.23000000,0.33915500,1466.92338065,1502999874538,False,True
2420,4325.23000000,0.12665800,547.82498134,1502999904072,False,True
2421,4325.23000000,0.04076700,176.32665141,1502999931411,False,True
2422,4325.23000000,0.00569900,24.64948577,1502999931419,False,True
2423,4325.23000000,0.03458300,149.57942909,1502999931425,False,True
2424,4325.23000000,0.21397000,925.46946310,1502999988079,False,True
2425,4325.23000000,0.14082100,609.08321383,1502999988085,False,True
2426,4307.56000000,3.78923200,16322.34419392,1503000000087,False,True
2427,4325.23000000,0.17233200,745.37553636,1503000038104,False,True
2428,4325.23000000,0.05672700,245.35732221,1503000038104,False,True
2429,4325.23000000,0.17233200,745.37553636,1503000038112,False,True
2430,4325.23000000,0.10947200,473.49157856,1503000038112,False,True
2431,4325.23000000,0.17233200,745.37553636,1503000038119,False,True
2432,4325.23000000,0.07748900,335.15774747,1503000038119,False,True
2433,4325.23000000,0.11600000,501.72668000,1503000040791,True,True
2434,4325.23000000,0.00533100,23.05780113,1503000041647,True,True
2435,4325.23000000,0.05075100,219.50974773,1503000041647,True,True
2436,4325.23000000,0.05991800,259.15913114,1503000041647,True,True
2437,4325.23000000,0.00716300,30.98162249,1503000042514,True,True
2438,4325.23000000,0.10883700,470.74505751,1503000118235,False,True
2439,4325.23000000,0.04210000,182.09218300,1503000118235,False,True
2440,4325.23000000,0.04946600,213.95182718,1503000118243,False,True
2441,4325.23000000,0.05231100,226.25710653,1503000121874,True,True
2442,4325.23000000,0.01341900,58.04026137,1503000121874,True,True
2443,4311.18000000,0.05364100,231.25600638,1503000206980,False,True
2444,4311.18000000,0.03523800,151.91736084,1503000206988,False,True
2445,4311.18000000,0.01002100,43.20233478,1503000217017,False,True
2446,4311.18000000,0.00993000,42.81001740,1503000228073,False,True
2447,4311.18000000,0.11600000,500.09688000,1503000232127,False,True
2448,4311.18000000,0.01400000,60.35652000,1503000232971,False,True
2449,4311.18000000,0.19180800,826.91881344,1503000287294,False,True
2450,4311.18000000,0.10960900,472.54412862,1503000360080,False,True
2451,4311.18000000,0.32309000,1392.89914620,1503000379549,False,True
2452,4300.00000000,0.00500000,21.50000000,1503000380688,True,True
2453,4300.00000000,0.00122300,5.25890000,1503000385795,True,True
2454,4297.13000000,0.20673200,888.35427916,1503000420093,False,True
2455,4297.13000000,0.19916100,855.82070793,1503000455398,False,True
2456,4297.13000000,0.45259000,1944.83806670,1503000455405,False,True
2457,4297.13000000,0.08100000,348.06753000,1503000527135,False,True
2458,4297.13000000,0.72929400,3133.87112622,1503000528061,False,True
2459,4297.13000000,0.20715300,890.16337089,1503000528061,False,True
2460,4294.11000000,0.05600000,240.47016000,1503000530538,False,True
2461,4294.11000000,0.11446500,491.52530115,1503000538136,False,True
2462,4294.11000000,0.32338200,1388.63788002,1503000538142,False,True
2463,4278.05000000,0.11700000,500.53185000,1503000580367,False,True
2464,4278.05000000,0.02400000,102.67320000,1503000581286,False,True
2465,4278.05000000,0.02700000,115.50735000,1503000582090,False,True
2466,4278.05000000,0.03300000,141.17565000,1503000583025,False,True
2467,4278.05000000,0.05952500,254.65092625,1503000588061,False,True
2468,4278.05000000,0.01218300,52.11948315,1503000590537,False,True
2469,4278.05000000,0.18726400,801.12475520,1503000590544,False,True
2470,4278.05000000,0.05691200,243.47238160,1503000651534,False,True
2471,4278.05000000,0.23456100,1003.46368605,1503000651541,False,True
2472,4261.00000000,3.83734000,16350.90574000,1503000660065,False,True
2473,4278.05000000,0.11700000,500.53185000,1503000686881,False,True
2474,4278.05000000,0.06400000,273.79520000,1503000687809,False,True
2475,4278.05000000,0.00727200,31.10997960,1503000702752,False,True
2476,4278.05000000,0.11700000,500.53185000,1503000703059,False,True
2477,4278.05000000,0.11700000,500.53185000,1503000703930,False,True
2478,4278.05000000,0.01100000,47.05855000,1503000704770,False,True
2479,4278.05000000,0.00930000,39.78586500,1503000768457,False,True
2480,4278.05000000,0.10840900,463.77912245,1503000780077,False,True
2481,4278.05000000,0.08309200,355.47173060,1503000780085,False,True
2482,4278.05000000,0.00964400,41.25751420,1503000780092,False,True
2483,4278.05000000,0.05712000,244.36221600,1503000850543,False,True
2484,4278.05000000,0.08105100,346.74023055,1503000924054,True,True
2485,4278.05000000,0.32389500,1385.63900475,1503000924061,True,True
2486,4311.18000000,0.13383400,576.98246412,1503000926989,False,True
2487,4311.18000000,0.03171700,136.73769606,1503000938715,False,True
2488,4311.18000000,0.00256400,11.05386552,1503000938722,False,True
2489,4311.18000000,0.15854800,683.52896664,1503000986636,False,True
2490,4311.18000000,0.13786800,594.37376424,1503001007601,True,True
2491,4325.23000000,0.05027000,217.42931210,1503001010276,False,True
2492,4325.23000000,0.20781800,898.86064814,1503001029690,True,True
2493,4325.23000000,0.06634400,286.95305912,1503001029690,True,True
2494,4325.23000000,0.14740400,637.55620292,1503001029690,True,True
2495,4312.11000000,0.46752500,2016.01922775,1503001046932,False,True
2496,4312.11000000,0.25090900,1081.94720799,1503001046940,False,True
2497,4312.11000000,0.83057200,3581.51782692,1503001047543,True,True
2498,4312.11000000,0.61942800,2671.04167308,1503001047543,True,True
2499,4312.11000000,0.44072000,1900.43311920,1503001051792,True,True
2500,4302.77000000,0.02100000,90.35817000,1503001063861,False,True
2501,4302.77000000,0.22757400,979.19857998,1503001106744,False,True
2502,4295.88000000,3.84150600,16502.64879528,1503001140063,False,True
2503,4302.77000000,0.01300000,55.93601000,1503001175983,False,True
2504,4302.77000000,0.01299900,55.93170723,1503001188051,False,True
2505,4302.77000000,0.02644500,113.78675265,1503001188061,False,True
2506,4302.77000000,0.02391600,102.90504732,1503001188068,False,True
2507,4302.77000000,0.04685000,201.58477450,1503001190514,False,True
2508,4302.77000000,0.00655100,28.18744627,1503001203597,False,True
2509,4302.77000000,0.01893400,81.46864718,1503001203604,False,True
2510,4302.77000000,0.11600000,499.12132000,1503001212247,False,True
2511,4302.77000000,0.11600000,499.12132000,1503001213089,False,True
2512,4302.77000000,0.01400000,60.23878000,1503001213923,False,True
2513,4289.00000000,0.00600000,25.73400000,1503001239266,True,True
2514,4289.00000000,0.01600000,68.62400000,1503001250469,False,True
2515,4289.00000000,0.08481300,363.76295700,1503001257534,True,True
2516,4289.00000000,0.01600000,68.62400000,1503001257534,True,True
2517,4289.00000000,0.02445800,104.90036200,1503001257541,True,True
2518,4289.00000000,0.01600000,68.62400000,1503001266341,False,True
2519,4302.77000000,0.22430100,965.11561377,1503001266341,False,True
2520,4302.77000000,0.02706600,116.45877282,1503001319843,False,True
2521,4302.77000000,0.03842600,165.33824002,1503001363486,False,True
2522,4302.77000000,0.14008600,602.75783822,1503001373389,False,True
2523,4302.77000000,0.16613200,714.82778564,1503001373396,False,True
2524,4302.77000000,0.02426300,104.39810851,1503001404059,True,True
2525,4302.77000000,0.03342100,143.80287617,1503001404059,True,True
2526,4302.96000000,0.01232000,53.01246720,1503001465944,False,True
2527,4302.96000000,0.13732300,590.89537608,1503001465951,False,True
2528,4302.96000000,0.12247500,527.00502600,1503001465958,False,True
2529,4302.96000000,0.20017100,861.32780616,1503001468269,False,True
2530,4302.96000000,0.49311700,2121.86272632,1503001468276,False,True
2531,4302.96000000,0.40875900,1758.87362664,1503001468283,False,True
2532,4288.10000000,0.01200000,51.45720000,1503001549220,False,True
2533,4288.10000000,0.11700000,501.70770000,1503001550119,False,True
2534,4288.10000000,0.02400000,102.91440000,1503001551033,False,True
2535,4288.10000000,0.11200000,480.26720000,1503001551980,False,True
2536,4288.10000000,0.12329200,528.68842520,1503001592708,False,True
2537,4288.10000000,0.06047300,259.31427130,1503001592716,False,True
2538,4288.10000000,0.25123500,1077.32080350,1503001668066,False,True
2539,4288.10000000,0.02382900,102.18113490,1503001668066,False,True
2540,4287.08000000,0.45718400,1959.98438272,1503001687396,False,True
2541,4287.08000000,0.09348200,400.76481256,1503001687403,False,True
2542,4273.16000000,0.55348000,2365.10859680,1503001740084,False,True
2543,4273.16000000,0.00082500,3.52535700,1503001790429,False,True
2544,4273.16000000,0.12623600,539.42662576,1503001790436,False,True
2545,4258.56000000,3.80125900,16187.88952704,1503001800084,False,True
2546,4273.16000000,0.10990700,469.65019612,1503001824097,False,True
2547,4273.16000000,0.09955300,425.40589748,1503001828768,False,True
2548,4273.16000000,0.36489600,1559.25899136,1503001828768,False,True
2549,4273.16000000,0.09955300,425.40589748,1503001828775,False,True
2550,4273.16000000,0.36411400,1555.91738024,1503001828775,False,True
2551,4272.03000000,0.01010600,43.17313518,1503001860079,False,True
2552,4272.03000000,0.29882600,1276.59363678,1503001860092,False,True
2553,4272.03000000,0.03106900,132.72770007,1503001863223,False,True
2554,4272.03000000,0.06969800,297.75194694,1503001895080,True,True
2555,4272.03000000,0.10672100,455.91531363,1503001904732,True,True
2556,4287.08000000,0.08149600,349.37987168,1503001907487,False,True
2557,4287.08000000,0.05268200,225.85194856,1503001907494,False,True
2558,4287.08000000,0.08515700,365.07487156,1503001946514,False,True
2559,4287.08000000,0.22516200,965.28750696,1503001997742,True,True
2560,4287.08000000,0.07931600,340.03403728,1503001997742,True,True
2561,4287.08000000,0.00584100,25.04083428,1503001997742,True,True
2562,4287.08000000,0.07931600,340.03403728,1503001997749,True,True
2563,4287.08000000,0.13211800,566.40043544,1503001997756,True,True
2564,4302.96000000,0.01002300,43.12856808,1503002013132,False,True
2565,4302.96000000,0.02026700,87.20809032,1503002028064,False,True
2566,4302.96000000,0.01871700,80.53850232,1503002098042,False,True
2567,4302.96000000,0.02330600,100.28478576,1503002098049,False,True
2568,4302.96000000,0.00425100,18.29188296,1503002100536,False,True
2569,4302.96000000,0.04848900,208.64622744,1503002100543,False,True
2570,4302.96000000,0.12078300,519.72441768,1503002186473,False,True
2571,4302.96000000,0.01900000,81.75624000,1503002187229,True,True
2572,4302.96000000,0.03600000,154.90656000,1503002188136,True,True
2573,4302.96000000,0.08358400,359.65860864,1503002188895,True,True
2574,4302.96000000,0.26365400,1134.49261584,1503002188895,True,True
2575,4302.96000000,0.06251100,268.98233256,1503002188895,True,True
2576,4301.91000000,0.18934000,814.52363940,1503002223973,False,True
2577,4301.91000000,0.15091100,649.20554001,1503002246538,False,True
2578,4301.91000000,0.07100000,305.43561000,1503002247212,True,True
2579,4301.91000000,0.00343100,14.75985321,1503002248142,True,True
2580,4301.91000000,0.03116600,134.07332706,1503002248142,True,True
2581,4301.91000000,0.05340300,229.73489973,1503002307171,False,True
2582,4301.91000000,0.07000000,301.13370000,1503002307642,True,True
2583,4301.91000000,0.00534900,23.01091659,1503002309662,True,True
2584,4301.91000000,0.11165100,480.31255341,1503002309662,True,True
2585,4301.91000000,0.11700000,503.32347000,1503002310589,True,True
2586,4301.91000000,0.01500000,64.52865000,1503002311430,True,True
2587,4301.91000000,0.00094200,4.05239922,1503002340084,True,True
2588,4301.91000000,0.22295400,959.12804214,1503002340084,True,True
2589,4262.53000000,0.04800000,204.60144000,1503002358811,True,True
2590,4303.18000000,0.10556100,454.24798398,1503002383489,False,True
2591,4303.18000000,0.03984700,171.46881346,1503002383497,False,True
2592,4303.18000000,0.12714200,547.11491156,1503002383503,False,True
2593,4303.18000000,0.01104900,47.54583582,1503002386035,False,True
2594,4303.18000000,0.15231400,655.43455852,1503002386043,False,True
2595,4303.18000000,0.14391100,619.27493698,1503002386049,False,True
2596,4303.18000000,0.31017700,1334.74746286,1503002399417,False,True
2597,4310.99000000,0.12302200,530.34661178,1503002403130,False,True
2598,4310.99000000,0.04697900,202.52599921,1503002403137,False,True
2599,4325.24000000,0.20112200,869.90091928,1503002403137,False,True
2600,4325.24000000,0.17985700,777.92469068,1503002403144,False,True
2601,4305.00000000,0.00100000,4.30500000,1503002504997,True,True
2602,4305.00000000,0.01100000,47.35500000,1503002508060,False,True
2603,4310.99000000,0.27711600,1194.64430484,1503002508060,False,True
2604,4302.50000000,3.78874300,16301.06675750,1503002520067,False,True
2605,4305.00000000,0.07372700,317.39473500,1503002554965,False,True
2606,4305.00000000,0.15478000,666.32790000,1503002554973,False,True
2607,4305.00000000,0.02734000,117.69870000,1503002554980,False,True
2608,4305.00000000,0.05891400,253.62477000,1503002596272,False,True
2609,4305.00000000,0.02722900,117.22084500,1503002604065,False,True
2610,4305.00000000,0.05891400,253.62477000,1503002604065,False,True
2611,4305.00000000,0.02829200,121.79706000,1503002604072,False,True
2612,4305.00000000,0.03585600,154.36008000,1503002604072,False,True
2613,4305.00000000,0.07068300,304.29031500,1503002660738,False,True
2614,4305.00000000,0.02131700,91.76968500,1503002660745,False,True
2615,4305.00000000,0.02679300,115.34386500,1503002660745,False,True
2616,4305.00000000,0.02806500,120.81982500,1503002660758,False,True
2617,4305.00000000,0.01218800,52.46934000,1503002724066,False,True
2618,4305.00000000,0.02405300,103.54816500,1503002727730,True,True
2619,4305.00000000,0.02694700,116.00683500,1503002727730,True,True
2620,4305.00000000,0.00834100,35.90800500,1503002757333,True,True
2621,4305.00000000,0.02694700,116.00683500,1503002757333,True,True
2622,4305.00000000,0.11136400,479.42202000,1503002757341,True,True
2623,4310.99000000,0.12210000,526.37187900,1503002759653,False,True
2624,4310.99000000,0.00838500,36.14765115,1503002759661,False,True
2625,4310.99000000,0.08312300,358.34242177,1503002759667,False,True
2626,4325.24000000,0.27660500,1196.38301020,1503002810949,False,True
2627,4325.24000000,0.82662600,3575.35584024,1503002880091,False,True
2628,4325.24000000,0.91332900,3950.36712396,1503002880091,False,True
2629,4325.24000000,0.79570300,3441.60644372,1503002880099,False,True
2630,4325.24000000,0.95584300,4134.25037732,1503002895029,False,True
2631,4325.24000000,0.39073100,1690.00535044,1503002928058,False,True
2632,4325.24000000,0.11629700,503.01243628,1503002982413,False,True
2633,4325.24000000,0.19091500,825.75319460,1503002982420,False,True
2634,4325.24000000,0.29889100,1292.77530884,1503002982427,False,True
2635,4325.24000000,0.17939800,775.93940552,1503003000091,False,True
2636,4325.24000000,0.07095900,306.91470516,1503003005115,True,True
2637,4325.24000000,0.04504100,194.81313484,1503003005115,True,True
2638,4325.24000000,0.11600000,501.72784000,1503003005947,True,True
2639,4325.24000000,0.37401300,1617.69598812,1503003017127,True,True
2640,4326.00000000,0.04093700,177.09346200,1503003084066,False,True
2641,4326.00000000,0.20180300,872.99977800,1503003084066,False,True
2642,4326.00000000,0.04093700,177.09346200,1503003084073,False,True
2643,4326.00000000,0.28522100,1233.86604600,1503003084073,False,True
2644,4326.00000000,0.00023200,1.00363200,1503003091078,False,True
2645,4326.00000000,0.07789000,336.95214000,1503003108057,False,True
2646,4326.00000000,0.01134600,49.08279600,1503003111859,True,True
2647,4326.00000000,0.03665400,158.56520400,1503003142528,False,True
2648,4341.30000000,0.03800000,164.96940000,1503003193138,False,True
2649,4341.30000000,0.02100000,91.16730000,1503003193954,False,True
2650,4341.30000000,0.06091200,264.43726560,1503003241496,False,True
2651,4341.30000000,0.04285300,186.03772890,1503003241504,False,True
2652,4341.30000000,0.09447500,410.14431750,1503003241511,False,True
2653,4341.30000000,0.25470200,1105.73779260,1503003324062,False,True
2654,4341.30000000,0.12195300,529.43455890,1503003326529,False,True
2655,4341.30000000,0.06664300,289.31725590,1503003326536,False,True
2656,4341.30000000,0.03969600,172.33224480,1503003393873,True,True
2657,4354.84000000,0.05545600,241.50200704,1503003408065,False,True
2658,4354.84000000,0.14017800,610.45276152,1503003474624,False,True
2659,4354.84000000,0.05811100,253.06410724,1503003474631,False,True
2660,4354.84000000,0.05780800,251.74459072,1503003474631,False,True
2661,4354.84000000,0.08237000,358.70817080,1503003474637,False,True
2662,4354.84000000,0.03121900,135.95374996,1503003474637,False,True
2663,4346.74000000,0.28615700,1243.85007818,1503003477143,False,True
2664,4346.74000000,0.28595000,1242.95030300,1503003477150,False,True
2665,4326.00000000,0.00034600,1.49679600,1503003510907,True,True
2666,4326.00000000,0.00060200,2.60425200,1503003549465,False,True
2667,4326.00000000,0.08305200,359.28295200,1503003549471,False,True
2668,4326.00000000,0.00060200,2.60425200,1503003549471,False,True
2669,4326.00000000,0.10975300,474.79147800,1503003549471,False,True
2670,4326.00000000,0.02169800,93.86554800,1503003564099,True,True
2671,4346.74000000,0.10437800,453.70402772,1503003566615,False,True
2672,4346.74000000,0.05488700,238.57951838,1503003566624,False,True
2673,4346.74000000,0.16652800,723.85391872,1503003610305,False,True
2674,4346.74000000,0.10643300,462.63657842,1503003610313,False,True
2675,4325.00000000,0.04700000,203.27500000,1503003637660,False,True
2676,4315.85000000,3.72861000,16092.12146850,1503003660085,False,True
2677,4325.00000000,0.04824200,208.64665000,1503003687445,False,True
2678,4325.00000000,0.00799600,34.58270000,1503003687453,False,True
2679,4325.00000000,0.02173800,94.01685000,1503003687459,False,True
2680,4325.00000000,0.10523600,455.14570000,1503003731815,False,True
2681,4325.00000000,0.04905900,212.18017500,1503003731823,False,True
2682,4325.00000000,0.03688400,159.52330000,1503003783024,False,True
2683,4331.78000000,0.07256900,314.35294282,1503003828058,False,True
2684,4331.78000000,0.88031100,3813.31358358,1503003830764,False,True
2685,4331.78000000,0.32712100,1417.01620538,1503003869213,False,True
2686,4331.78000000,0.48170200,2086.62708956,1503003948057,True,True
2687,4339.00000000,0.03416500,148.24193500,1503003950311,False,True
2688,4339.00000000,0.03404200,147.70823800,1503004044076,False,True
2689,4339.00000000,0.00779900,33.83986100,1503004044084,False,True
2690,4339.00000000,0.01307100,56.71506900,1503004067977,False,True
2691,4339.00000000,0.03955500,171.62914500,1503004067984,False,True
2692,4339.00000000,0.12079800,524.14252200,1503004104068,False,True
2693,4339.00000000,0.06333700,274.81924300,1503004104075,False,True
2694,4339.00000000,0.13384400,580.74911600,1503004104082,False,True
2695,4339.00000000,0.07161900,310.75484100,1503004107333,False,True
2696,4339.00000000,0.07941400,344.57734600,1503004107341,False,True
2697,4339.00000000,0.25709100,1115.51784900,1503004107348,False,True
2698,4339.00000000,0.09769500,423.89860500,1503004164056,False,True
2699,4339.00000000,0.07214200,313.02413800,1503004164064,False,True
2700,4339.00000000,0.14065700,610.31072300,1503004166732,False,True
2701,4339.00000000,0.00858600,37.25465400,1503004166741,False,True
2702,4339.00000000,0.08522700,369.79995300,1503004196233,True,True
2703,4339.00000000,0.03077300,133.52404700,1503004284059,False,True
2704,4339.00000000,0.14125800,612.91846200,1503004284059,False,True
2705,4339.00000000,0.27024200,1172.58003800,1503004298844,False,True
2706,4339.00000000,0.00755400,32.77680600,1503004298853,False,True
2707,4339.00000000,0.21843900,947.80682100,1503004298860,False,True
2708,4339.00000000,0.32737000,1420.45843000,1503004320070,False,True
2709,4339.00000000,0.21372700,927.36145300,1503004320077,False,True
2710,4339.00000000,0.11600000,503.32400000,1503004323891,True,True
2711,4339.00000000,0.02679500,116.26350500,1503004324742,True,True
2712,4339.00000000,0.04120500,178.78849500,1503004404057,False,True
2713,4339.00000000,0.22914800,994.27317200,1503004404057,False,True
2714,4339.00000000,0.04120500,178.78849500,1503004404071,False,True
2715,4339.00000000,0.44902100,1948.30211900,1503004404071,False,True
2716,4322.65000000,0.11600000,501.42740000,1503004425744,True,True
2717,4346.73000000,0.07000000,304.27110000,1503004488074,False,True
2718,4346.73000000,0.84880500,3689.52615765,1503004488074,False,True
2719,4367.93000000,0.07010000,306.19189300,1503004488365,False,True
2720,4346.73000000,0.14028400,609.77667132,1503004541627,False,True
2721,4346.73000000,0.19692100,855.96241833,1503004541634,False,True
2722,4346.73000000,0.61410400,2669.34427992,1503004608063,False,True
2723,4346.73000000,0.45985400,1998.86117742,1503004608070,False,True
2724,4346.73000000,0.08255600,358.84864188,1503004608076,False,True
2725,4346.73000000,0.80447100,3496.81822983,1503004610520,True,True
2726,4367.93000000,0.24777900,1082.28132747,1503004668063,False,True
2727,4367.93000000,0.01506300,65.79412959,1503004670194,False,True
2728,4367.93000000,0.01964300,85.79924899,1503004670202,False,True
2729,4367.93000000,0.11037700,482.11900961,1503004670209,False,True
2730,4367.93000000,0.16354000,714.33127220,1503004689910,False,True
2731,4367.93000000,0.23129400,1010.27600142,1503004689918,False,True
2732,4341.32000000,3.80463900,16517.15538348,1503004740064,False,True
2733,4360.00000000,0.02666600,116.26376000,1503004750602,False,True
2734,4360.00000000,0.08891800,387.68248000,1503004750608,False,True
2735,4360.00000000,0.20397100,889.31356000,1503004750615,False,True
2736,4360.00000000,0.01635000,71.28600000,1503004753179,False,True
2737,4360.00000000,0.04629100,201.82876000,1503004753187,False,True
2738,4360.00000000,0.18422700,803.22972000,1503004753193,False,True
2739,4360.00000000,0.00434900,18.96164000,1503004753695,True,True
2740,4360.00000000,0.06565100,286.23836000,1503004790766,False,True
2741,4360.00000000,0.05123700,223.39332000,1503004791635,True,True
2742,4367.93000000,0.01071500,46.80236995,1503004848060,False,True
2743,4367.93000000,0.20979000,916.34803470,1503004893462,False,True
2744,4367.93000000,0.00863700,37.72581141,1503004968079,False,True
2745,4367.93000000,0.09344100,408.14374713,1503004973117,False,True
2746,4367.93000000,0.01534500,67.02588585,1503004973125,False,True
2747,4360.93000000,0.01700000,74.13581000,1503004993188,True,True
2748,4360.93000000,0.03500000,152.63255000,1503004994106,True,True
2749,4360.93000000,0.02100000,91.57953000,1503004994989,True,True
2750,4360.93000000,0.02000000,87.21860000,1503004995911,True,True
2751,4367.93000000,0.03627600,158.45102868,1503005016458,False,True
2752,4367.93000000,0.02400000,104.83032000,1503005017060,True,True
2753,4367.93000000,0.07000000,305.75510000,1503005033614,True,True
2754,4367.93000000,0.06300000,275.17959000,1503005034458,True,True
2755,4367.93000000,0.11500000,502.31195000,1503005038235,True,True
2756,4367.93000000,0.00487000,21.27181910,1503005039089,True,True
2757,4367.93000000,0.11013000,481.04013090,1503005039089,True,True
2758,4367.93000000,0.03700000,161.61341000,1503005039985,True,True
2759,4367.93000000,0.11500000,502.31195000,1503005041377,True,True
2760,4367.93000000,0.05000000,218.39650000,1503005042434,True,True
2761,4367.93000000,0.01579900,69.00892607,1503005043260,True,True
2762,4360.93000000,0.10300000,449.17579000,1503005068229,True,True
2763,4360.93000000,0.04500000,196.24185000,1503005072673,True,True
2764,4360.93000000,0.08400000,366.31812000,1503005084185,True,True
2765,4360.93000000,0.06800000,296.54324000,1503005087861,True,True
2766,4360.94000000,0.11500000,501.50810000,1503005103300,True,True
2767,4367.93000000,0.09920100,433.30302393,1503005103593,False,True
2768,4367.93000000,0.33277600,1453.54227368,1503005103593,False,True
2769,4367.93000000,0.09920100,433.30302393,1503005103600,False,True
2770,4367.93000000,0.21216700,926.73060431,1503005103600,False,True
2771,4360.94000000,0.11500000,501.50810000,1503005104096,True,True
2772,4360.94000000,0.11500000,501.50810000,1503005104911,True,True
2773,4360.94000000,0.07600000,331.43144000,1503005105736,True,True
2774,4367.93000000,0.11500000,502.31195000,1503005107151,True,True
2775,4367.93000000,0.05670800,247.69657444,1503005107945,True,True
2776,4367.93000000,0.05829200,254.61537556,1503005107945,True,True
2777,4367.93000000,0.09500000,414.95335000,1503005110032,True,True
2778,4367.93000000,0.04800000,209.66064000,1503005120324,True,True
2779,4367.93000000,0.05500000,240.23615000,1503005121145,True,True
2780,4367.93000000,0.07900000,345.06647000,1503005121987,True,True
2781,4367.93000000,0.38257000,1671.03898010,1503005148061,True,True
2782,4360.93000000,0.21000000,915.79530000,1503005167750,True,True
2783,4360.93000000,0.14000100,610.53456093,1503005169711,True,True
2784,4360.93000000,1.09000100,4753.41806093,1503005172553,True,True
2785,4360.93000000,0.19526200,851.52391366,1503005176781,True,True
2786,4352.34000000,0.43473900,1892.13193926,1503005244081,False,True
2787,4369.69000000,0.80203300,3504.63557977,1503005244081,False,True
2788,4348.34000000,0.07402800,321.89891352,1503005246494,False,True
2789,4348.34000000,0.12028800,523.05312192,1503005246501,False,True
2790,4348.34000000,0.41568400,1807.53536456,1503005259857,False,True
2791,4348.34000000,0.23000100,1000.12254834,1503005263571,True,True
2792,4348.34000000,0.28000100,1217.53954834,1503005265075,True,True
2793,4335.98000000,3.72867700,16167.46889846,1503005280071,False,True
2794,4349.33000000,0.01173400,51.03503822,1503005305088,False,True
2795,4349.33000000,0.01207000,52.49641310,1503005407325,False,True
2796,4349.33000000,0.03991800,173.61655494,1503005484054,False,True
2797,4349.33000000,0.26426600,1149.38004178,1503005534447,False,True
2798,4322.65000000,0.05600000,242.06840000,1503005536632,True,True
2799,4349.33000000,0.46055500,2003.10567815,1503005536751,False,True
2800,4349.33000000,0.35651300,1550.59268629,1503005536758,False,True
2801,4349.33000000,0.35721300,1553.63721729,1503005536765,False,True
2802,4322.65000000,0.11600000,501.42740000,1503005548863,True,True
2803,4322.65000000,0.08200000,354.45730000,1503005549738,True,True
2804,4322.65000000,0.03400000,146.97010000,1503005570443,False,True
2805,4322.65000000,0.10216600,441.62785990,1503005583701,True,True
2806,4322.65000000,0.03400000,146.97010000,1503005583701,True,True
2807,4322.65000000,0.01421800,61.45943770,1503005583709,True,True
2808,4322.65000000,0.03400000,146.97010000,1503005583709,True,True
2809,4322.65000000,0.08845700,382.36865105,1503005583716,True,True
2810,4322.65000000,0.03400000,146.97010000,1503005586414,False,True
2811,4349.33000000,0.15196100,660.92853613,1503005586414,False,True
2812,4349.33000000,0.20577100,894.96598343,1503005689350,False,True
2813,4349.33000000,0.20908400,909.37531372,1503005689350,False,True
2814,4349.33000000,0.20577100,894.96598343,1503005689357,False,True
2815,4349.33000000,0.06139800,267.04016334,1503005689357,False,True
2816,4349.33000000,0.20577100,894.96598343,1503005689364,False,True
2817,4349.33000000,0.40644100,1767.74603453,1503005689364,False,True
2818,4349.33000000,0.11176600,486.10721678,1503005748078,False,True
2819,4349.33000000,0.21606400,939.73363712,1503005748085,False,True
2820,4349.33000000,0.10308500,448.35068305,1503005762083,False,True
2821,4349.33000000,0.12758300,554.90056939,1503005762090,False,True
2822,4349.32000000,0.07822000,340.20381040,1503005808052,False,True
2823,4349.32000000,0.07197500,313.04230700,1503005810621,False,True
2824,4349.32000000,0.08204100,356.82256212,1503005810629,False,True
2825,4349.32000000,0.06021300,261.88560516,1503005880081,False,True
2826,4349.32000000,0.50852300,2211.72925436,1503005883319,False,True
2827,4349.32000000,0.19902800,865.63646096,1503005883327,False,True
2828,4349.32000000,0.35953300,1563.72406756,1503005946523,True,True
2829,4355.56000000,0.00132500,5.77111700,1503005988070,False,True
2830,4355.56000000,0.04849900,211.24030444,1503005988077,False,True
2831,4355.56000000,0.25835600,1125.28505936,1503006025080,False,True
2832,4355.56000000,0.33220400,1446.93445424,1503006025087,False,True
2833,4355.56000000,0.11664900,508.07171844,1503006025093,False,True
2834,4355.56000000,0.22270800,970.01805648,1503006027622,False,True
2835,4334.12000000,3.80120900,16474.89595108,1503006060076,False,True
2836,4355.56000000,0.46025900,2004.68569004,1503006086338,False,True
2837,4355.56000000,0.07303100,318.09090236,1503006087703,True,True
2838,4355.56000000,0.21448300,934.19357548,1503006087703,True,True
2839,4369.69000000,0.04955100,216.52250919,1503006093748,False,True
2840,4369.69000000,0.18985900,829.62497371,1503006093755,False,True
2841,4369.69000000,0.05748800,251.20473872,1503006093762,False,True
2842,4369.69000000,0.01002600,43.81051194,1503006191305,False,True
2843,4369.69000000,0.05131800,224.24375142,1503006197046,False,True
2844,4369.69000000,0.04229800,184.82914762,1503006197054,False,True
2845,4369.69000000,0.22332000,975.83917080,1503006197060,False,True
2846,4369.69000000,0.01002600,43.81051194,1503006206145,False,True
2847,4354.35000000,0.02800000,121.92180000,1503006210572,False,True
2848,4354.35000000,0.03678000,160.15299300,1503006264066,False,True
2849,4354.35000000,0.56787400,2472.72215190,1503006266792,False,True
2850,4354.35000000,0.68299700,2974.00798695,1503006266799,False,True
2851,4354.35000000,0.06434900,280.19806815,1503006266805,False,True
2852,4354.35000000,0.21861200,951.91316220,1503006268053,True,True
2853,4354.03000000,0.02400000,104.49672000,1503006323748,False,True
2854,4354.03000000,0.02000000,87.08060000,1503006327055,False,True
2855,4354.03000000,0.28799200,1253.92580776,1503006384080,False,True
2856,4354.03000000,0.20054900,873.19636247,1503006442207,False,True
2857,4354.03000000,0.60556600,2636.65253098,1503006442214,False,True
2858,4354.03000000,0.01328200,57.83022646,1503006444888,False,True
2859,4354.03000000,0.02435700,106.05110871,1503006480074,True,True
2860,4354.03000000,0.01328200,57.83022646,1503006480085,False,True
2861,4354.52000000,3.76337000,16387.66993240,1503006480085,False,True
2862,4323.98000000,1.00000000,4323.98000000,1503006508441,True,True
2863,4355.02000000,0.00241300,10.50866326,1503006529143,False,True
2864,4355.02000000,0.03272600,142.52238452,1503006529150,False,True
2865,4355.02000000,0.09486200,413.12590724,1503006564070,False,True
2866,4355.02000000,0.00150300,6.54559506,1503006564070,False,True
2867,4355.02000000,0.09426900,410.54338038,1503006564077,False,True
2868,4355.02000000,0.22998600,1001.59362972,1503006566718,False,True
2869,4355.02000000,0.25489300,1110.06411286,1503006566726,False,True
2870,4355.02000000,0.12987600,565.61257752,1503006566732,False,True
2871,4355.02000000,0.01600000,69.68032000,1503006590941,False,True
2872,4355.02000000,0.34338000,1495.42676760,1503006622753,False,True
2873,4355.02000000,0.04924700,214.47166994,1503006679410,False,True
2874,4355.02000000,0.17661800,769.17492236,1503006679418,False,True
2875,4355.02000000,0.04924700,214.47166994,1503006679418,False,True
2876,4355.02000000,0.56345900,2453.87521418,1503006679418,False,True
2877,4368.68000000,0.00580800,25.37329344,1503006689524,False,True
2878,4355.02000000,0.09098100,396.22407462,1503006708057,False,True
2879,4355.02000000,0.11500000,500.82730000,1503006712011,False,True
2880,4355.02000000,0.07500000,326.62650000,1503006712861,False,True
2881,4355.02000000,0.00007000,0.30485140,1503006775989,False,True
2882,4355.02000000,0.08290100,361.03551302,1503006788495,True,True
2883,4355.02000000,0.10709900,466.41828698,1503006802883,True,True
2884,4355.02000000,0.33290200,1449.79486804,1503006802883,True,True
2885,4355.02000000,0.01430300,62.28985106,1503006804480,True,True
2886,4355.02000000,0.14569800,634.51770396,1503006804480,True,True
2887,4355.02000000,0.07787100,339.12976242,1503006808380,True,True
2888,4355.02000000,0.04277000,186.26420540,1503006808380,True,True
2889,4349.63000000,0.11100000,482.80893000,1503006808721,False,True
2890,4349.63000000,0.08300000,361.01929000,1503006818223,False,True
2891,4322.98000000,0.10600000,458.23588000,1503006841768,True,True
2892,4322.98000000,0.11700000,505.78866000,1503006844874,True,True
2893,4322.98000000,0.11700000,505.78866000,1503006845802,True,True
2894,4322.98000000,0.11700000,505.78866000,1503006846696,True,True
2895,4322.98000000,0.11600000,501.46568000,1503006847566,True,True
2896,4322.98000000,0.11600000,501.46568000,1503006848411,True,True
2897,4322.98000000,0.11600000,501.46568000,1503006849270,True,True
2898,4322.98000000,0.03200000,138.33536000,1503006850122,True,True
2899,4322.98000000,0.11600000,501.46568000,1503006850911,True,True
2900,4322.98000000,0.04000000,172.91920000,1503006851745,True,True
2901,4349.63000000,0.12619700,548.91025711,1503006879382,False,True
2902,4349.63000000,0.02379200,103.48639696,1503006879390,False,True
2903,4322.98000000,0.11600000,501.46568000,1503006902789,True,True
2904,4349.63000000,0.92537000,4025.01711310,1503006924060,False,True
2905,4349.63000000,0.29463600,1281.55758468,1503006924060,False,True
2906,4309.23000000,0.01300000,56.01999000,1503006950880,True,True
2907,4309.23000000,0.13860000,597.25927800,1503006972121,True,True
2908,4335.94000000,0.78903500,3421.20841790,1503007068056,False,True
2909,4322.58000000,3.78429500,16357.91788110,1503007080075,False,True
2910,4335.94000000,0.39096500,1695.20078210,1503007128063,False,True
2911,4335.94000000,0.08038200,348.53152908,1503007128063,False,True
2912,4335.94000000,0.12379600,536.77202824,1503007128069,False,True
2913,4335.94000000,0.26716900,1158.42875386,1503007128078,False,True
2914,4335.94000000,0.12379600,536.77202824,1503007128078,False,True
2915,4335.94000000,0.06423300,278.51043402,1503007128078,False,True
2916,4333.55000000,0.03499600,151.65691580,1503007130333,False,True
2917,4333.55000000,0.04300000,186.34265000,1503007175547,False,True
2918,4333.55000000,1.13746800,4929.27445140,1503007184271,False,True
2919,4333.55000000,0.48175100,2087.69204605,1503007184279,False,True
2920,4333.55000000,0.04278500,185.41093675,1503007184285,False,True
2921,4333.55000000,1.05231100,4560.24233405,1503007200090,True,True
2922,4333.77000000,0.04300000,186.35211000,1503007201013,False,True
2923,4333.77000000,0.08300000,359.70291000,1503007216612,False,True
2924,4333.77000000,0.97400100,4221.09631377,1503007242663,False,True
2925,4333.77000000,0.06222500,269.66883825,1503007242663,False,True
2926,4333.77000000,0.22000100,953.43373377,1503007244933,False,True
2927,4335.56000000,0.00759700,32.93724932,1503007284700,False,True
2928,4333.77000000,0.26957900,1168.29338283,1503007308060,True,True
2929,4335.56000000,0.11567000,501.49422520,1503007310600,False,True
2930,4335.56000000,0.01701700,73.77822452,1503007357323,False,True
2931,4335.56000000,0.04433900,192.23439484,1503007357330,False,True
2932,4335.56000000,0.02113800,91.64506728,1503007416936,False,True
2933,4335.56000000,0.09331500,404.57278140,1503007416944,False,True
2934,4335.56000000,0.03402200,147.50442232,1503007428069,False,True
2935,4335.56000000,0.11132900,482.67355924,1503007428077,False,True
2936,4335.56000000,0.10324100,447.60754996,1503007431060,False,True
2937,4335.56000000,0.00853100,36.98666236,1503007431067,False,True
2938,4335.56000000,0.05740100,248.86547956,1503007431074,False,True
2939,4322.39000000,3.83613300,16581.26291787,1503007440075,False,True
2940,4335.56000000,0.04640100,201.17431956,1503007443219,False,True
2941,4335.56000000,0.02775100,120.31612556,1503007488071,True,True
2942,4349.63000000,0.05873300,255.46681879,1503007535678,False,True
2943,4349.63000000,0.11257600,489.66394688,1503007535686,False,True
2944,4349.63000000,0.02113600,91.93377968,1503007535692,False,True
2945,4349.63000000,0.00871700,37.91572471,1503007608069,False,True
2946,4349.63000000,0.01854900,80.68128687,1503007608075,False,True
2947,4349.63000000,0.02598200,113.01208666,1503007645369,False,True
2948,4349.63000000,0.68967500,2999.83107025,1503007645376,False,True
2949,4349.63000000,0.90463300,3934.81883579,1503007728072,False,True
2950,4349.63000000,0.01744300,75.87059609,1503007728072,False,True
2951,4343.96000000,0.18000000,781.91280000,1503007731967,False,True
2952,4349.63000000,0.07127200,310.00682936,1503007731967,False,True
2953,4349.63000000,0.00952000,41.40847760,1503007731975,False,True
2954,4349.63000000,0.01093800,47.57625294,1503007731981,False,True
2955,4343.96000000,0.17861700,775.90510332,1503007764066,False,True
2956,4343.96000000,0.20384400,885.49018224,1503007764073,False,True
2957,4343.96000000,0.12809500,556.43955620,1503007764080,False,True
2958,4349.63000000,0.01400000,60.89482000,1503007801690,False,True
2959,4343.96000000,0.12336300,535.88393748,1503007830609,True,True
2960,4349.63000000,0.00006600,0.28707558,1503007834584,False,True
2961,4349.63000000,0.01393400,60.60774442,1503007834584,False,True
2962,4349.63000000,0.01263200,54.94452616,1503007838890,False,True
2963,4349.63000000,0.01236800,53.79622384,1503007838890,False,True
2964,4349.63000000,0.12184900,529.99806587,1503007908077,False,True
2965,4349.63000000,0.04502400,195.83774112,1503007942361,False,True
2966,4334.32000000,0.25266800,1095.14396576,1503008004062,False,True
2967,4334.32000000,0.22489200,974.75389344,1503008004068,False,True
2968,4334.32000000,0.22693800,983.62191216,1503008007216,False,True
2969,4334.32000000,0.12550200,543.96582864,1503008007224,False,True
2970,4334.32000000,0.03050000,132.19676000,1503008010690,True,True
2971,4334.32000000,0.20912700,906.42333864,1503008010690,True,True
2972,4325.24000000,0.05121300,221.50851612,1503008124058,False,True
2973,4311.34000000,0.27281900,1176.21546746,1503008168757,False,True
2974,4310.67000000,3.68321600,15877.12871472,1503008220072,False,True
2975,4311.34000000,0.03718100,160.29993254,1503008220092,False,True
2976,4311.34000000,0.09539200,411.26734528,1503008220092,False,True
2977,4311.34000000,0.01801000,77.64723340,1503008223743,False,True
2978,4311.34000000,0.00824000,35.52544160,1503008223751,False,True
2979,4311.34000000,0.02858100,123.22240854,1503008223758,False,True
2980,4311.34000000,0.00598200,25.79043588,1503008244072,True,True
2981,4311.34000000,0.03700700,159.54975938,1503008244079,True,True
2982,4311.34000000,0.02646500,114.09961310,1503008244085,True,True
2983,4310.00000000,0.81000100,3491.10431000,1503008266199,True,True
2984,4310.00000000,1.13000000,4870.30000000,1503008268705,True,True
2985,4310.00000000,1.50000000,6465.00000000,1503008271952,True,True
2986,4310.00000000,1.25000000,5387.50000000,1503008275639,True,True
2987,4325.24000000,0.11200200,484.43553048,1503008304072,False,True
2988,4325.24000000,0.01925600,83.28682144,1503008304080,False,True
2989,4325.24000000,0.17790200,769.46884648,1503008304086,False,True
2990,4325.24000000,0.00157400,6.80792776,1503008304086,False,True
2991,4312.34000000,0.01470200,63.40002268,1503008308876,False,True
2992,4312.34000000,0.01400000,60.37276000,1503008324211,False,True
2993,4312.34000000,0.18363400,791.89224356,1503008365347,False,True
2994,4312.34000000,0.32041200,1381.72548408,1503008365354,False,True
2995,4312.34000000,0.07625700,328.84611138,1503008365361,False,True
2996,4312.34000000,0.06094000,262.79399960,1503008411309,False,True
2997,4312.34000000,0.13471900,580.95413246,1503008411316,False,True
2998,4312.34000000,0.11429000,492.85733860,1503008411323,False,True
2999,4312.34000000,0.27897100,1203.01780214,1503008435081,False,True
3000,4312.34000000,0.18334000,790.62441560,1503008435087,False,True
3001,4312.34000000,0.10767200,464.31827248,1503008435094,False,True
3002,4312.34000000,0.01113900,48.03515526,1503008515431,False,True
3003,4312.34000000,0.02045300,88.20029002,1503008515438,False,True
3004,4312.34000000,0.03119800,134.53638332,1503008604069,False,True
3005,4312.34000000,0.00713800,30.78148292,1503008604075,False,True
3006,4312.34000000,0.00477600,20.59573584,1503008649305,False,True
3007,4312.34000000,0.04557500,196.53489550,1503008649313,False,True
3008,4312.34000000,0.00608500,26.24058890,1503008649319,False,True
3009,4312.34000000,0.01469900,63.38708566,1503008664071,False,True
3010,4312.34000000,0.54450900,2348.10794106,1503008664071,False,True
3011,4312.34000000,0.01469900,63.38708566,1503008664079,False,True
3012,4312.34000000,0.24668300,1063.78096822,1503008664079,False,True
3013,4312.34000000,0.01469900,63.38708566,1503008664085,False,True
3014,4312.34000000,0.50944000,2196.87848960,1503008664085,False,True
3015,4312.34000000,0.02000000,86.24680000,1503008668188,False,True
3016,4310.00000000,0.02000000,86.20000000,1503008704009,True,True
3017,4310.00000000,0.11600000,499.96000000,1503008704871,True,True
3018,4310.00000000,0.11600000,499.96000000,1503008705736,True,True
3019,4310.00000000,0.11600000,499.96000000,1503008706586,True,True
3020,4310.00000000,0.11600000,499.96000000,1503008707440,True,True
3021,4312.34000000,0.23020100,992.70498034,1503008722898,False,True
3022,4312.34000000,0.02000000,86.24680000,1503008722898,False,True
3023,4312.34000000,0.05038500,217.27725090,1503008722907,False,True
3024,4312.34000000,0.02000000,86.24680000,1503008722907,False,True
3025,4312.34000000,0.42352300,1826.37517382,1503008722914,False,True
3026,4312.34000000,0.24938800,1075.44584792,1503008784062,False,True
3027,4312.34000000,0.07292100,314.46014514,1503008784070,False,True
3028,4312.34000000,0.07274100,313.68392394,1503008784076,False,True
3029,4312.34000000,0.06347500,273.72578150,1503008786992,True,True
3030,4312.34000000,0.05252500,226.50565850,1503008786992,True,True
3031,4312.34000000,0.11600000,500.23144000,1503008787846,True,True
3032,4312.34000000,0.09800000,422.60932000,1503008788707,True,True
3033,4312.34000000,0.02100000,90.55914000,1503008789547,True,True
3034,4312.34000000,0.03846200,165.86122108,1503008790333,True,True
3035,4312.34000000,0.03804000,164.04141360,1503008790333,True,True
3036,4310.00000000,0.04200000,181.02000000,1503008819211,True,True
3037,4312.34000000,0.03949800,170.32880532,1503008844089,False,True
3038,4312.34000000,0.06781200,292.42840008,1503008844089,False,True
3039,4312.34000000,0.00908000,39.15604720,1503008888752,False,True
3040,4312.34000000,0.12119600,522.63835864,1503008964068,True,True
3041,4312.34000000,0.18777700,809.75826818,1503008964075,True,True
3042,4326.29000000,0.04289900,185.59351471,1503008996179,False,True
3043,4326.29000000,0.02536400,109.73201956,1503008996187,False,True
3044,4326.29000000,0.10408400,450.29756836,1503008996193,False,True
3045,4326.29000000,0.02533700,109.61520973,1503008999243,False,True
3046,4326.28000000,0.02300000,99.50444000,1503009086380,False,True
3047,4326.29000000,0.02067800,89.45902462,1503009086380,False,True
3048,4326.29000000,0.04344700,187.96432163,1503009086389,False,True
3049,4326.29000000,0.01127300,48.77026717,1503009086397,False,True
3050,4326.28000000,0.33131600,1433.36578448,1503009108067,False,True
3051,4326.28000000,0.07543000,326.33130040,1503009108074,False,True
3052,4326.28000000,0.24465800,1058.45901224,1503009108081,False,True
3053,4326.28000000,0.01100000,47.58908000,1503009114283,True,True
3054,4326.28000000,0.05037200,217.92337616,1503009149189,True,True
3055,4326.28000000,0.01100000,47.58908000,1503009149189,True,True
3056,4326.28000000,0.10089300,436.49136804,1503009149196,True,True
3057,4326.28000000,0.00093100,4.02776668,1503009149196,True,True
3058,4326.29000000,0.00298400,12.90964936,1503009153505,False,True
3059,4326.29000000,0.05109200,221.03880868,1503009153511,False,True
3060,4326.29000000,0.05100000,220.64079000,1503009227759,False,True
3061,4326.29000000,0.09417200,407.41538188,1503009251223,False,True
3062,4326.29000000,0.30879300,1335.92806797,1503009251231,False,True
3063,4326.29000000,0.18887700,817.13667633,1503009251237,False,True
3064,4326.29000000,0.08159200,352.99065368,1503009251237,False,True
3065,4326.29000000,0.01636100,70.78243069,1503009300105,False,True
3066,4326.29000000,0.32095100,1388.52710179,1503009300111,False,True
3067,4326.29000000,0.24114200,1043.25022318,1503009300118,False,True
3068,4326.29000000,0.14370500,621.70950445,1503009305217,True,True
3069,4326.29000000,0.16691000,722.10106390,1503009305224,True,True
3070,4328.24000000,0.07505700,324.86470968,1503009307528,False,True
3071,4328.24000000,0.23015800,996.17906192,1503009412563,False,True
3072,4328.24000000,0.18559200,803.28671808,1503009412570,False,True
3073,4319.11000000,3.76818200,16275.19255802,1503009420078,False,True
3074,4328.24000000,0.32358600,1400.55786864,1503009468057,False,True
3075,4328.24000000,0.09560800,413.81436992,1503009470788,False,True
3076,4328.24000000,0.67646900,2927.92018456,1503009520767,True,True
3077,4328.24000000,0.09560800,413.81436992,1503009520767,True,True
3078,4328.24000000,0.85241800,3689.46968432,1503009520775,True,True
3079,4328.24000000,0.09560800,413.81436992,1503009520775,True,True
3080,4328.24000000,1.24638300,5394.64475592,1503009520782,True,True
3081,4341.96000000,0.88846600,3857.68383336,1503009523586,False,True
3082,4341.96000000,0.01153500,50.08450860,1503009523592,False,True
3083,4341.96000000,0.60216300,2614.56765948,1503009588103,True,True
3084,4348.62000000,0.37176500,1616.66471430,1503009656266,False,True
3085,4348.62000000,0.00630800,27.43109496,1503009656273,False,True
3086,4348.62000000,0.67172800,2921.08981536,1503009656279,False,True
3087,4348.62000000,0.32349000,1406.73508380,1503009684053,False,True
3088,4348.62000000,0.03670900,159.63349158,1503009745247,False,True
3089,4348.62000000,0.07767200,337.76601264,1503009745247,False,True
3090,4348.62000000,0.03670900,159.63349158,1503009745254,False,True
3091,4348.62000000,0.05159400,224.36270028,1503009745254,False,True
3092,4348.62000000,0.03670900,159.63349158,1503009745262,False,True
3093,4348.62000000,0.07582700,329.74280874,1503009745262,False,True
3094,4348.62000000,0.15516700,674.76231954,1503009772380,True,True
3095,4348.62000000,0.06534800,284.17361976,1503009772380,True,True
3096,4351.62000000,0.08422300,366.50649126,1503009806554,False,True
3097,4351.62000000,0.05577800,242.72466036,1503009806561,False,True
3098,4351.62000000,0.03064000,133.33363680,1503009815946,True,True
3099,4356.06000000,0.04297900,187.21910274,1503009819172,False,True
3100,4356.06000000,0.02928400,127.56286104,1503009819179,False,True
3101,4356.06000000,0.46380800,2020.37547648,1503009881712,False,True
3102,4356.06000000,0.14393000,626.96771580,1503009890576,False,True
3103,4356.06000000,0.03759800,163.77914388,1503009890576,False,True
3104,4356.06000000,0.00420700,18.32594442,1503009890584,False,True
3105,4356.06000000,0.21322100,928.80346926,1503009890590,False,True
3106,4356.06000000,0.05970800,260.09163048,1503009892195,True,True
3107,4352.34000000,0.09986300,434.63772942,1503009898944,False,True
3108,4335.00000000,3.74434200,16231.72257000,1503009900082,False,True
3109,4352.34000000,0.14507400,631.41137316,1503009958090,False,True
3110,4352.34000000,0.04170100,181.49693034,1503009958097,False,True
3111,4352.34000000,0.10619200,462.18368928,1503009958104,False,True
3112,4352.34000000,0.12171200,529.73200608,1503010020066,False,True
3113,4352.34000000,0.04314500,187.78170930,1503010027105,False,True
3114,4352.34000000,0.16028700,697.62352158,1503010027112,False,True
3115,4352.34000000,0.05098600,221.90840724,1503010073805,False,True
3116,4352.34000000,0.01526500,66.43847010,1503010073814,False,True
3117,4352.34000000,0.04315000,187.80347100,1503010162806,False,True
3118,4352.34000000,0.13291800,578.50432812,1503010165464,False,True
3119,4352.34000000,0.09148200,398.16076788,1503010168352,True,True
3120,4352.34000000,0.14146000,615.68201640,1503010168352,True,True
3121,4352.34000000,0.00669500,29.13891630,1503010168352,True,True
3122,4341.30000000,0.40341600,1751.34988080,1503010197469,False,True
3123,4341.30000000,0.36513800,1585.17359940,1503010284083,False,True
3124,4341.30000000,0.40180900,1744.37341170,1503010287230,False,True
3125,4341.30000000,0.15256400,662.32609320,1503010294742,True,True
3126,4341.30000000,0.40180900,1744.37341170,1503010294742,True,True
3127,4341.30000000,0.15066400,654.07762320,1503010294749,True,True
3128,4341.30000000,0.01904000,82.65835200,1503010294749,True,True
3129,4359.13000000,0.58824700,2564.24514511,1503010297435,False,True
3130,4359.13000000,0.57783800,2518.87096094,1503010323991,False,True
3131,4359.13000000,0.04100000,178.72433000,1503010356931,False,True
3132,4359.13000000,0.11500000,501.29995000,1503010359539,False,True
3133,4359.13000000,0.11000000,479.50430000,1503010360360,False,True
3134,4359.13000000,0.01791500,78.09381395,1503010404072,False,True
3135,4359.13000000,0.06193200,269.96963916,1503010404072,False,True
3136,4359.13000000,0.00883400,38.50855442,1503010404080,False,True
3137,4359.13000000,0.00908100,39.58525953,1503010404086,False,True
3138,4359.13000000,0.00883400,38.50855442,1503010404086,False,True
3139,4359.13000000,0.00867700,37.82417101,1503010404086,False,True
3140,4352.34000000,0.05817600,253.20173184,1503010407406,False,True
3141,4352.34000000,0.00129300,5.62757562,1503010407414,False,True
3142,4352.34000000,0.04516400,196.56908376,1503010407420,False,True
3143,4352.34000000,0.01300000,56.58042000,1503010447028,False,True
3144,4352.34000000,0.04710900,205.03438506,1503010524068,False,True
3145,4352.34000000,0.02740800,119.28893472,1503010524075,False,True
3146,4327.52000000,3.68896100,15964.05250672,1503010560086,False,True
3147,4337.29000000,0.21243000,921.37051470,1503010594025,False,True
3148,4337.29000000,0.08149700,353.47612313,1503010594033,False,True
3149,4337.29000000,0.13631400,591.23334906,1503010594040,False,True
3150,4337.29000000,0.72706600,3153.49609114,1503010596502,False,True
3151,4337.29000000,0.28713600,1245.39210144,1503010596509,False,True
3152,4337.29000000,0.11176300,484.74854227,1503010596516,False,True
3153,4337.29000000,1.66000000,7199.90140000,1503010670907,False,True
3154,4337.29000000,0.29851400,1294.74178706,1503010670907,False,True
3155,4336.80000000,0.38935900,1688.57211120,1503010680100,False,True
3156,4336.80000000,0.15089600,654.40577280,1503010744765,False,True
3157,4313.39000000,3.72271100,16057.50440029,1503010800064,False,True
3158,4336.80000000,0.06267900,271.82628720,1503010803974,False,True
3159,4336.80000000,0.71141100,3085.24722480,1503010803984,False,True
3160,4336.80000000,0.29565600,1282.20094080,1503010803991,False,True
3161,4336.80000000,0.16576900,718.90699920,1503010816191,True,True
3162,4336.80000000,0.05600000,242.86080000,1503010949787,False,True
3163,4336.80000000,0.18163500,787.71466800,1503010955635,False,True
3164,4336.80000000,0.15307200,663.84264960,1503010955642,False,True
3165,4336.80000000,0.19067300,826.91066640,1503010955648,False,True
3166,4336.80000000,0.02829600,122.71409280,1503011028061,False,True
3167,4336.80000000,0.04260700,184.77803760,1503011028068,False,True
3168,4336.80000000,0.00129800,5.62916640,1503011028075,False,True
3169,4336.80000000,0.08305400,360.18858720,1503011030717,False,True
3170,4336.80000000,0.01800000,78.06240000,1503011046473,False,True
3171,4336.80000000,0.01415200,61.37439360,1503011100543,False,True
3172,4336.80000000,0.18730800,812.31733440,1503011100550,False,True
3173,4336.80000000,0.05821400,252.46247520,1503011100557,False,True
3174,4336.80000000,0.03000000,130.10400000,1503011127598,False,True
3175,4322.74000000,0.76222100,3294.88320554,1503011244066,True,True
3176,4336.80000000,0.36992300,1604.28206640,1503011246676,False,True
3177,4336.80000000,0.29463100,1277.75572080,1503011246747,True,True
3178,4336.80000000,0.36992300,1604.28206640,1503011246747,True,True
3179,4336.80000000,0.39531100,1714.38474480,1503011246754,True,True
3180,4336.28000000,0.53754200,2330.93262376,1503011250410,False,True
3181,4336.28000000,0.36476700,1581.73184676,1503011250420,False,True
3182,4336.28000000,0.01900000,82.38932000,1503011278530,False,True
3183,4336.28000000,0.02100000,91.06188000,1503011279345,False,True
3184,4336.28000000,0.04796800,208.00267904,1503011356601,False,True
3185,4336.28000000,0.00137000,5.94070360,1503011356608,False,True
3186,4336.28000000,0.00585100,25.37157428,1503011356615,False,True
3187,4336.28000000,0.04942900,214.33798412,1503011424075,False,True
3188,4336.28000000,0.01307400,56.69252472,1503011424082,False,True
3189,4336.28000000,0.03146200,136.42804136,1503011424082,False,True
3190,4337.38000000,0.33591300,1456.98232794,1503011429658,False,True
3191,4313.57000000,3.81218600,16444.13116402,1503011460070,False,True
3192,4337.38000000,0.04319400,187.34879172,1503011487137,False,True
3193,4337.38000000,0.00464300,20.13845534,1503011487145,False,True
3194,4337.38000000,0.02104200,91.26714996,1503011487152,False,True
3195,4337.38000000,0.00208600,9.04777468,1503011498993,False,True
3196,4337.38000000,0.01487000,64.49684060,1503011499000,False,True
3197,4336.38000000,0.05253300,227.80305054,1503011556601,False,True
3198,4336.38000000,0.80000600,3469.13001828,1503011556601,False,True
3199,4336.38000000,0.05253300,227.80305054,1503011556608,False,True
3200,4336.38000000,0.49768700,2158.15995306,1503011556608,False,True
3201,4336.38000000,1.41879400,6152.42992572,1503011568060,False,True
3202,4336.38000000,1.16060500,5032.82430990,1503011568067,False,True
3203,4336.38000000,0.07613800,330.16330044,1503011595328,True,True
3204,4300.00000000,0.27717300,1191.84390000,1503011595328,True,True
3205,4337.38000000,0.03425200,148.56393976,1503011606657,False,True
3206,4337.38000000,0.06497200,281.80825336,1503011606665,False,True
3207,4337.38000000,0.06488200,281.41788916,1503011606672,False,True
3208,4323.31000000,0.14699100,635.48766021,1503011674145,False,True
3209,4323.31000000,0.03490900,150.92242879,1503011674153,False,True
3210,4337.38000000,0.63012900,2733.10892202,1503011726811,False,True
3211,4337.38000000,0.28401700,1231.88965546,1503011726819,False,True
3212,4337.38000000,0.80557600,3494.08923088,1503011727117,True,True
3213,4337.38000000,0.22442500,973.41650650,1503011727117,True,True
3214,4337.38000000,0.16512600,716.21420988,1503011730225,True,True
3215,4332.27000000,0.17582900,761.73870183,1503011790014,False,True
3216,4332.27000000,0.22938300,993.74908941,1503011790023,False,True
3217,4332.27000000,0.22092000,957.08508840,1503011810863,False,True
3218,4332.27000000,0.06874200,297.80890434,1503011810871,False,True
3219,4332.27000000,0.23251500,1007.31775905,1503011857617,True,True
3220,4337.36000000,0.04992900,216.56004744,1503011904065,False,True
3221,4337.36000000,0.21678500,940.27458760,1503011904072,False,True
3222,4318.68000000,3.72177900,16073.17253172,1503011940087,False,True
3223,4337.36000000,0.20686900,897.26532584,1503011960297,False,True
3224,4337.36000000,0.04835800,209.74605488,1503011960304,False,True
3225,4337.36000000,0.25196700,1092.87158712,1503011960311,False,True
3226,4337.36000000,0.29850600,1294.72798416,1503012024076,False,True
3227,4337.36000000,0.12758600,553.38641296,1503012026925,False,True
3228,4337.36000000,0.07000000,303.61520000,1503012063586,True,True
3229,4337.36000000,0.11600000,503.13376000,1503012064405,True,True
3230,4337.36000000,0.11600000,503.13376000,1503012065253,True,True
3231,4337.36000000,0.09474600,410.94751056,1503012066114,True,True
3232,4337.36000000,0.02125400,92.18624944,1503012168065,False,True
3233,4337.36000000,0.73591300,3191.91960968,1503012168065,False,True
3234,4337.36000000,0.02125400,92.18624944,1503012168072,False,True
3235,4337.36000000,0.12770200,553.88954672,1503012168072,False,True
3236,4337.36000000,0.02125400,92.18624944,1503012168080,False,True
3237,4337.36000000,0.73133800,3172.07618768,1503012168080,False,True
3238,4337.36000000,1.47647600,6404.00794336,1503012176848,False,True
3239,4337.36000000,0.36690200,1591.38605872,1503012176855,False,True
3240,4337.36000000,0.06100000,264.57896000,1503012180663,True,True
3241,4337.36000000,0.04900000,212.53064000,1503012181533,True,True
3242,4337.36000000,0.11600000,503.13376000,1503012182416,True,True
3243,4337.36000000,0.11600000,503.13376000,1503012183285,True,True
3244,4337.36000000,0.11600000,503.13376000,1503012184080,True,True
3245,4337.36000000,0.01000000,43.37360000,1503012184454,True,True
3246,4337.36000000,0.05500000,238.55480000,1503012184891,True,True
3247,4337.36000000,0.08300000,360.00088000,1503012224490,True,True
3248,4337.36000000,0.11600000,503.13376000,1503012225382,True,True
3249,4337.36000000,0.11600000,503.13376000,1503012226235,True,True
3250,4337.36000000,0.06300000,273.25368000,1503012227120,True,True
3251,4337.36000000,0.51158300,2218.91964088,1503012228063,True,True
3252,4337.38000000,0.08876000,384.98584880,1503012243072,False,True
3253,4337.38000000,0.47345600,2053.55858528,1503012243079,False,True
3254,4337.38000000,0.51088800,2215.91539344,1503012243087,False,True
3255,4337.38000000,0.05253500,227.86425830,1503012245087,False,True
3256,4337.38000000,0.02385100,103.45085038,1503012245095,False,True
3257,4337.38000000,0.04256500,184.62057970,1503012245102,False,True
3258,4337.38000000,0.23524400,1020.34262072,1503012290721,False,True
3259,4337.38000000,0.07400500,320.98780690,1503012293163,False,True
3260,4318.68000000,3.73768500,16141.86545580,1503012300073,False,True
3261,4337.38000000,0.02622500,113.74779050,1503012326465,False,True
3262,4337.38000000,0.17247100,748.07226598,1503012408069,False,True
3263,4337.38000000,0.07825500,339.42167190,1503012408069,False,True
3264,4329.00000000,0.10664600,461.67053400,1503012442371,False,True
3265,4329.00000000,0.11304900,489.38912100,1503012442379,False,True
3266,4329.00000000,0.25156700,1089.03354300,1503012442386,False,True
3267,4329.00000000,0.10420000,451.08180000,1503012528065,False,True
3268,4329.00000000,0.06453900,279.38933100,1503012551615,False,True
3269,4329.00000000,0.29512500,1277.59612500,1503012551615,False,True
3270,4329.00000000,0.06453900,279.38933100,1503012551622,False,True
3271,4329.00000000,0.12483700,540.41937300,1503012551622,False,True
3272,4327.89000000,0.29000000,1255.08810000,1503012588088,False,True
3273,4329.00000000,0.61109600,2645.43458400,1503012588088,False,True
3274,4327.89000000,0.11600000,502.03524000,1503012594792,True,True
3275,4327.89000000,0.02100000,90.88569000,1503012595596,True,True
3276,4327.89000000,0.11600000,502.03524000,1503012596469,True,True
3277,4327.89000000,0.06300000,272.65707000,1503012597381,True,True
3278,4327.89000000,0.00843200,36.49276848,1503012598210,True,True
3279,4327.89000000,0.07356800,318.39421152,1503012638950,False,True
3280,4327.89000000,0.11600000,502.03524000,1503012639553,True,True
3281,4327.89000000,0.11600000,502.03524000,1503012658538,True,True
3282,4327.89000000,0.02600000,112.52514000,1503012659373,True,True
3283,4327.89000000,0.26838300,1161.53210187,1503012684081,True,True
3284,4332.26000000,0.09230000,399.86759800,1503012693700,False,True
3285,4332.26000000,0.01498300,64.91025158,1503012696416,False,True
3286,4332.26000000,0.03270500,141.68656330,1503012696423,False,True
3287,4332.26000000,0.02500000,108.30650000,1503012727495,False,True
3288,4332.26000000,0.01945800,84.29711508,1503012825819,False,True
3289,4332.26000000,0.05334000,231.08274840,1503012825827,False,True
3290,4332.26000000,0.02745000,118.92053700,1503012828076,False,True
3291,4332.26000000,0.00081000,3.50913060,1503012828084,False,True
3292,4332.26000000,0.02474800,107.21477048,1503012828091,False,True
3293,4332.26000000,0.00160300,6.94461278,1503012842995,False,True
3294,4332.26000000,0.03467500,150.22111550,1503012843003,False,True
3295,4332.26000000,0.00444400,19.25256344,1503012843011,False,True
3296,4332.26000000,0.12127800,525.40782828,1503012960090,False,True
3297,4332.26000000,0.00241600,10.46674016,1503012960097,False,True
3298,4332.26000000,0.18955600,821.20587656,1503013008063,False,True
3299,4332.26000000,0.02753000,119.26711780,1503013074410,False,True
3300,4332.26000000,0.03367900,145.90618454,1503013074417,False,True
3301,4332.26000000,0.04839900,209.67705174,1503013077746,False,True
3302,4332.26000000,0.03971200,172.04270912,1503013077754,False,True
3303,4332.26000000,0.03279300,142.06780218,1503013130965,False,True
3304,4332.26000000,0.02382900,103.23342354,1503013130972,False,True
3305,4332.26000000,0.03354200,145.31266492,1503013139283,False,True
3306,4332.26000000,0.03028200,131.18949732,1503013139291,False,True
3307,4332.26000000,0.00516200,22.36312612,1503013186375,False,True
3308,4332.26000000,0.04056600,175.74245916,1503013186382,False,True
3309,4332.26000000,0.05614100,243.21740866,1503013186389,False,True
3310,4332.26000000,0.06945300,300.88845378,1503013248080,False,True
3311,4332.26000000,0.05452200,236.20347972,1503013248088,False,True
3312,4332.26000000,0.08574700,371.47829822,1503013248095,False,True
3313,4332.26000000,0.01619900,70.17827974,1503013298845,False,True
3314,4332.26000000,0.15074100,653.04920466,1503013308079,False,True
3315,4332.26000000,0.43693800,1892.92901988,1503013309197,False,True
3316,4332.26000000,1.05432800,4567.62302128,1503013309197,False,True
3317,4328.25000000,0.00282000,12.20566500,1503013310678,False,True
3318,4328.25000000,0.05675800,245.66281350,1503013310686,False,True
3319,4328.25000000,0.19376700,838.67201775,1503013310693,False,True
3320,4328.25000000,0.02300000,99.54975000,1503013347889,False,True
3321,4328.25000000,0.07444600,322.22089950,1503013380091,False,True
3322,4328.25000000,0.02609400,112.94135550,1503013406279,False,True
3323,4328.25000000,0.20805800,900.52703850,1503013406288,False,True
3324,4328.25000000,0.04505800,195.02228850,1503013430412,False,True
3325,4328.25000000,0.08295300,359.04132225,1503013431490,True,True
3326,4314.13000000,3.79019900,16351.41121187,1503013440071,False,True
3327,4328.25000000,0.25704800,1112.56800600,1503013488069,False,True
3328,4328.25000000,0.51104800,2211.94350600,1503013488069,False,True
3329,4328.25000000,0.25704800,1112.56800600,1503013488077,False,True
3330,4328.25000000,0.20988800,908.44773600,1503013488077,False,True
3331,4328.25000000,0.25704800,1112.56800600,1503013488083,False,True
3332,4328.25000000,0.28991700,1254.83325525,1503013488083,False,True
3333,4325.82000000,0.11600000,501.79512000,1503013491029,False,True
3334,4325.82000000,0.06200000,268.20084000,1503013491905,False,True
3335,4325.82000000,0.69200000,2993.46744000,1503013492740,False,True
3336,4328.25000000,0.06773900,293.19132675,1503013494325,True,True
3337,4328.25000000,0.19218300,831.81606975,1503013494325,True,True
3338,4325.82000000,0.57007800,2466.05481396,1503013511786,False,True
3339,4325.82000000,0.32000100,1384.26672582,1503013513730,True,True
3340,4325.82000000,0.22435400,970.51502028,1503013516924,True,True
3341,4325.82000000,0.39564600,1711.49337972,1503013516924,True,True
3342,4325.82000000,0.23000100,994.94292582,1503013519184,True,True
3343,4332.26000000,0.09800000,424.56148000,1503013521351,False,True
3344,4325.82000000,0.43965700,1901.87704374,1503013521893,True,True
3345,4314.00000000,1.00000000,4314.00000000,1503013545719,True,True
3346,4302.15000000,0.05832800,250.93580520,1503013560313,False,True
3347,4302.15000000,0.02490400,107.14074360,1503013560326,False,True
3348,4302.15000000,0.00161300,6.93936795,1503013608980,False,True
3349,4301.07000000,3.63187600,15620.95290732,1503013620076,False,True
3350,4300.00000000,0.21000000,903.00000000,1503013656869,True,True
3351,4302.15000000,0.02800000,120.46020000,1503013657951,False,True
3352,4300.00000000,0.67000100,2881.00430000,1503013660825,True,True
3353,4300.00000000,1.64000000,7052.00000000,1503013662266,True,True
3354,4300.00000000,0.70229200,3019.85560000,1503013665815,True,True
3355,4300.00000000,0.01770800,76.14440000,1503013665815,True,True
3356,4300.00000000,1.14458900,4921.73270000,1503013667996,True,True
3357,4300.00000000,0.06541100,281.26730000,1503013668083,False,True
3358,4302.15000000,0.26715500,1149.34088325,1503013668083,False,True
3359,4302.15000000,0.09669100,415.97918565,1503013668083,False,True
3360,4289.09000000,1.13398300,4863.75514547,1503013677102,False,True
3361,4289.09000000,0.48564100,2082.95795669,1503013685104,False,True
3362,4289.09000000,0.16037700,687.87138693,1503013685111,False,True
3363,4289.09000000,0.15018400,644.15269256,1503013686400,True,True
3364,4305.66000000,0.08523600,366.99723576,1503013775411,False,True
3365,4305.66000000,0.64089100,2759.45874306,1503013775418,False,True
3366,4305.66000000,0.20387400,877.81212684,1503013777870,False,True
3367,4305.66000000,0.09121100,392.72355426,1503013778014,True,True
3368,4305.66000000,0.57566100,2478.60054126,1503013778014,True,True
3369,4299.13000000,0.01862100,80.05409973,1503013790749,False,True
3370,4280.82000000,3.75506000,16074.73594920,1503013800080,False,True
3371,4299.13000000,0.01450700,62.36747891,1503013821464,False,True
3372,4299.13000000,0.32017600,1376.47824688,1503013821464,False,True
3373,4299.13000000,0.23329800,1002.97843074,1503013821464,False,True
3374,4299.13000000,0.16112300,692.68872299,1503013821464,False,True
3375,4317.33000000,0.47089600,2033.01342768,1503013821464,False,True
3376,4298.60000000,0.07026900,302.05832340,1503013827749,False,True
3377,4298.60000000,0.34949200,1502.32631120,1503013827757,False,True
3378,4298.60000000,0.09504000,408.53894400,1503013827764,False,True
3379,4298.60000000,0.01430100,61.47427860,1503013874131,False,True
3380,4298.60000000,0.05089800,218.79014280,1503013874138,False,True
3381,4298.60000000,0.01430100,61.47427860,1503013874138,False,True
3382,4298.60000000,0.29413400,1264.36441240,1503013874138,False,True
3383,4298.60000000,0.06519900,280.26442140,1503013874145,False,True
3384,4298.60000000,0.72459100,3114.72687260,1503013874145,False,True
3385,4298.60000000,0.16933700,727.91202820,1503013908061,True,True
3386,4298.60000000,0.23328200,1002.78600520,1503013908068,True,True
3387,4298.60000000,0.73068000,3140.90104800,1503013908074,True,True
3388,4317.33000000,0.18944800,817.90953384,1503013911149,False,True
3389,4317.33000000,0.08041000,347.15650530,1503013911845,True,True
3390,4317.33000000,0.22959000,991.21579470,1503013911845,True,True
3391,4317.33000000,0.39555300,1707.73283349,1503013915706,True,True
3392,4307.84000000,0.40672600,1752.11053184,1503013967911,False,True
3393,4307.84000000,0.22772200,980.98994048,1503013967919,False,True
3394,4307.84000000,0.05718400,246.33952256,1503013968227,True,True
3395,4307.84000000,0.05946200,256.15278208,1503013968227,True,True
3396,4280.82000000,0.11700000,500.85594000,1503013971062,False,True
3397,4280.82000000,0.04600000,196.91772000,1503013971870,False,True
3398,4280.82000000,0.06168100,264.04525842,1503014032877,False,True
3399,4280.82000000,0.00031900,1.36558158,1503014032884,False,True
3400,4280.82000000,0.06168100,264.04525842,1503014032884,False,True
3401,4280.82000000,0.51627900,2210.09746878,1503014032884,False,True
3402,4280.82000000,0.06200000,265.41084000,1503014032892,False,True
3403,4280.82000000,1.09244300,4676.55184326,1503014032892,False,True
3404,4280.82000000,0.04255400,182.16601428,1503014057744,False,True
3405,4280.82000000,0.07444600,318.68992572,1503014057744,False,True
3406,4280.82000000,0.11700000,500.85594000,1503014058522,False,True
3407,4280.82000000,0.11700000,500.85594000,1503014059408,False,True
3408,4280.82000000,0.11700000,500.85594000,1503014060196,False,True
3409,4280.82000000,0.11700000,500.85594000,1503014060998,False,True
3410,4280.82000000,0.09500000,406.67790000,1503014061885,False,True
3411,4280.82000000,0.05508200,235.79612724,1503014064066,False,True
3412,4280.82000000,0.63744600,2728.79158572,1503014064066,False,True
3413,4280.82000000,0.91734000,3926.96741880,1503014064074,False,True
3414,4280.82000000,0.22924700,981.36514254,1503014097307,True,True
3415,4305.75000000,0.27098900,1166.81088675,1503014100063,False,True
3416,4305.75000000,0.14733000,634.36614750,1503014142013,False,True
3417,4285.08000000,0.01800000,77.13144000,1503014148344,False,True
3418,4285.08000000,0.09093200,389.65089456,1503014208077,False,True
3419,4285.08000000,0.04951700,212.18430636,1503014208084,False,True
3420,4285.08000000,0.03900000,167.11812000,1503014214902,False,True
3421,4285.08000000,0.24620400,1055.00383632,1503014218072,False,True
3422,4285.08000000,0.03368700,144.35148996,1503014243078,False,True
3423,4285.08000000,0.24458300,1048.05772164,1503014243085,False,True
3424,4285.08000000,0.57418500,2460.42865980,1503014243092,False,True
3425,4285.08000000,0.00271800,11.64684744,1503014306659,False,True
3426,4285.08000000,0.42033600,1801.17338688,1503014320719,False,True
